S.No.,Blood Center,Category,Last Updated,Type,Contact
1,"Jankalyan Blood Centre, Nashik",Charitable/Vol,2026-10-09 17:45:09,Blood Bank,Phone: 7774077900; Email: rssjan_nsk@rediffmail.com
2,"Arpan Blood Centre and Blood Component Lab, Nashik",Charitable/Vol,2026-10-09 17:45:08,Blood Bank,Phone: 9822234340; Email: nandkishor@arpanbloodbank.org
3,"Shree Sainath Blood Centre, Sinnar",Charitable/Vol,2026-10-09 11:30:03,Blood Bank,Phone: 9022340171; Email: bloodcentressbc@gmail.com
4,"DevaS Health and Development Foundation, Santam Blood Centre",Charitable/Vol,2026-10-09 10:57:14,Blood Bank,Phone: 9975997867; Email: samtalbloodbank@gmail.com
5,"Civil Hospital Blood Centre, Nashik",Govt.,2026-10-09 10:56:14,Blood Bank,Phone: 7821024199; Email: civilbloodbanknsk@gmail.com
6,"Laksh Foundation, Lifeline Blood Centre, Nashik",Charitable/Vol,2026-10-09 10:50:28,Blood Bank,Phone: 8308400083; Email: lifelinebloodbanknashik@gmail.com
7,"Panchavati Blood Centre, Nashik",Charitable/Vol,2026-10-09 10:34:19,Blood Bank,Phone: 9823860718; Email: panchavatibloodcentre25@gmail.com
8,General Hospital Malegaon Blood Centre,Govt.,2026-10-09 10:13:03,Blood Bank,Phone: 7587888915 / 9820271312; Email: ghmalegaonbloodbank@gmail.com
9,"Shri Sai Seva Medical Foundation Sanchalith, Nashik",Charitable/Vol,2026-10-09 09:43:05,Blood Bank,Phone: 9372811919; Email: sanjeevani.bb@gmail.com
10,"Medical Superintendent, Regional Referral Hospital, Nashik",Govt.,2026-10-09 09:38:21,Blood Bank,Phone: 9850632960; Email: rrhnashik@gmail.com
11,Nashik Blood Bank and Transfusion Research Centre,Charitable/Vol,2026-10-09 09:25:36,Blood Bank,Phone: 9922901047; Email: nashikbloodbank18@gmail.com
12,"SMBT Institute of Medical Science and Research, Nashik",Charitable/Vol,2026-10-09 09:20:18,Blood Bank,Phone: 9130052949; Email: cnetare@gmail.com
13,"Hindu Hrudaysamrat Balasaheb Thackeray Blood Centre, Deolali",Govt.,2026-10-09 09:11:19,Blood Bank,Phone: 9823025292; Email: HHTBLOODCENTRE@GMAIL.COM
14,"Late Dr. G.M. Bhavsar Charitable Trust Blood Centre, Malegaon",Charitable/Vol,2026-10-09 08:22:14,Blood Bank,Phone: 9371550550; Email: dgmbhavsaryahoo.com
15,"Seva Blood Centre, Malegaon",Charitable/Vol,2026-10-09 00:30:07,Blood Bank,Phone: 8390615555; Email: sevabldbankmalegaon@gmail.com
16,"NDMVPS Medical College and Hospital Blood Bank, Nashik",Charitable/Vol,2026-10-09 00:11:25,Blood Bank,Phone: 9922173694; Email: archu12241@gmail.com
17,"Sainik Aspatal Military Hospital Blood Centre, Deolali",Govt.,2026-10-08 23:41:40,Blood Bank,Phone: 9148708222; Email: poonamyadav012@gmail.com
18,"Ansar Blood Centre, Malegaon",Charitable/Vol,2026-09-30 12:31:27,Blood Bank,Phone: 9309907158; Email: dransarbloodbankmalegaon@rediffmail.com
19,"Medical Superintendent, J.D.C. Bytco Hospital, Nashik",Govt.,2026-09-17 09:16:17,Blood Bank,Phone: 9422762233; Email: hidocatu@rediffmail.com
20,"The Santajee Educational and Medical Foundation, Nashik",Charitable/Vol,2026-02-27 09:56:48,Blood Bank,Phone: 0253-2508777 / 9604496044; Email: navjeevanbloodbanknsk@gmail.com
