S.No.,Blood Center,Category,Last Updated,Type,Contact,Blood Component,Blood Group,Units Available
1,"Jankalyan Blood Centre, Nashik",Charitable/Vol,2026-10-09 17:45:09,Blood Bank,Phone: 7774077900; Email: rssjan_nsk@rediffmail.com,Packed Red Blood Cells,A-,10.0
1,"Jankalyan Blood Centre, Nashik",Charitable/Vol,2026-10-09 17:45:09,Blood Bank,Phone: 7774077900; Email: rssjan_nsk@rediffmail.com,Packed Red Blood Cells,A+,77.0
1,"Jankalyan Blood Centre, Nashik",Charitable/Vol,2026-10-09 17:45:09,Blood Bank,Phone: 7774077900; Email: rssjan_nsk@rediffmail.com,Packed Red Blood Cells,B-,7.0
1,"Jankalyan Blood Centre, Nashik",Charitable/Vol,2026-10-09 17:45:09,Blood Bank,Phone: 7774077900; Email: rssjan_nsk@rediffmail.com,Packed Red Blood Cells,B+,80.0
1,"Jankalyan Blood Centre, Nashik",Charitable/Vol,2026-10-09 17:45:09,Blood Bank,Phone: 7774077900; Email: rssjan_nsk@rediffmail.com,Packed Red Blood Cells,AB-,1.0
1,"Jankalyan Blood Centre, Nashik",Charitable/Vol,2026-10-09 17:45:09,Blood Bank,Phone: 7774077900; Email: rssjan_nsk@rediffmail.com,Packed Red Blood Cells,AB+,20.0
1,"Jankalyan Blood Centre, Nashik",Charitable/Vol,2026-10-09 17:45:09,Blood Bank,Phone: 7774077900; Email: rssjan_nsk@rediffmail.com,Packed Red Blood Cells,O-,4.0
1,"Jankalyan Blood Centre, Nashik",Charitable/Vol,2026-10-09 17:45:09,Blood Bank,Phone: 7774077900; Email: rssjan_nsk@rediffmail.com,Packed Red Blood Cells,O+,81.0
1,"Jankalyan Blood Centre, Nashik",Charitable/Vol,2026-10-09 17:45:09,Blood Bank,Phone: 7774077900; Email: rssjan_nsk@rediffmail.com,Packed Red Blood Cells,Oh-,
1,"Jankalyan Blood Centre, Nashik",Charitable/Vol,2026-10-09 17:45:09,Blood Bank,Phone: 7774077900; Email: rssjan_nsk@rediffmail.com,Packed Red Blood Cells,Oh+,
1,"Jankalyan Blood Centre, Nashik",Charitable/Vol,2026-10-09 17:45:09,Blood Bank,Phone: 7774077900; Email: rssjan_nsk@rediffmail.com,Platelet Concentrate,A-,1.0
1,"Jankalyan Blood Centre, Nashik",Charitable/Vol,2026-10-09 17:45:09,Blood Bank,Phone: 7774077900; Email: rssjan_nsk@rediffmail.com,Platelet Concentrate,A+,12.0
1,"Jankalyan Blood Centre, Nashik",Charitable/Vol,2026-10-09 17:45:09,Blood Bank,Phone: 7774077900; Email: rssjan_nsk@rediffmail.com,Platelet Concentrate,B-,
1,"Jankalyan Blood Centre, Nashik",Charitable/Vol,2026-10-09 17:45:09,Blood Bank,Phone: 7774077900; Email: rssjan_nsk@rediffmail.com,Platelet Concentrate,B+,10.0
1,"Jankalyan Blood Centre, Nashik",Charitable/Vol,2026-10-09 17:45:09,Blood Bank,Phone: 7774077900; Email: rssjan_nsk@rediffmail.com,Platelet Concentrate,AB-,
1,"Jankalyan Blood Centre, Nashik",Charitable/Vol,2026-10-09 17:45:09,Blood Bank,Phone: 7774077900; Email: rssjan_nsk@rediffmail.com,Platelet Concentrate,AB+,5.0
1,"Jankalyan Blood Centre, Nashik",Charitable/Vol,2026-10-09 17:45:09,Blood Bank,Phone: 7774077900; Email: rssjan_nsk@rediffmail.com,Platelet Concentrate,O-,4.0
1,"Jankalyan Blood Centre, Nashik",Charitable/Vol,2026-10-09 17:45:09,Blood Bank,Phone: 7774077900; Email: rssjan_nsk@rediffmail.com,Platelet Concentrate,O+,3.0
1,"Jankalyan Blood Centre, Nashik",Charitable/Vol,2026-10-09 17:45:09,Blood Bank,Phone: 7774077900; Email: rssjan_nsk@rediffmail.com,Platelet Concentrate,Oh-,
1,"Jankalyan Blood Centre, Nashik",Charitable/Vol,2026-10-09 17:45:09,Blood Bank,Phone: 7774077900; Email: rssjan_nsk@rediffmail.com,Platelet Concentrate,Oh+,
1,"Jankalyan Blood Centre, Nashik",Charitable/Vol,2026-10-09 17:45:09,Blood Bank,Phone: 7774077900; Email: rssjan_nsk@rediffmail.com,Fresh Frozen Plasma,A-,31.0
1,"Jankalyan Blood Centre, Nashik",Charitable/Vol,2026-10-09 17:45:09,Blood Bank,Phone: 7774077900; Email: rssjan_nsk@rediffmail.com,Fresh Frozen Plasma,A+,76.0
1,"Jankalyan Blood Centre, Nashik",Charitable/Vol,2026-10-09 17:45:09,Blood Bank,Phone: 7774077900; Email: rssjan_nsk@rediffmail.com,Fresh Frozen Plasma,B-,47.0
1,"Jankalyan Blood Centre, Nashik",Charitable/Vol,2026-10-09 17:45:09,Blood Bank,Phone: 7774077900; Email: rssjan_nsk@rediffmail.com,Fresh Frozen Plasma,B+,159.0
1,"Jankalyan Blood Centre, Nashik",Charitable/Vol,2026-10-09 17:45:09,Blood Bank,Phone: 7774077900; Email: rssjan_nsk@rediffmail.com,Fresh Frozen Plasma,AB-,20.0
1,"Jankalyan Blood Centre, Nashik",Charitable/Vol,2026-10-09 17:45:09,Blood Bank,Phone: 7774077900; Email: rssjan_nsk@rediffmail.com,Fresh Frozen Plasma,AB+,88.0
1,"Jankalyan Blood Centre, Nashik",Charitable/Vol,2026-10-09 17:45:09,Blood Bank,Phone: 7774077900; Email: rssjan_nsk@rediffmail.com,Fresh Frozen Plasma,O-,35.0
1,"Jankalyan Blood Centre, Nashik",Charitable/Vol,2026-10-09 17:45:09,Blood Bank,Phone: 7774077900; Email: rssjan_nsk@rediffmail.com,Fresh Frozen Plasma,O+,124.0
1,"Jankalyan Blood Centre, Nashik",Charitable/Vol,2026-10-09 17:45:09,Blood Bank,Phone: 7774077900; Email: rssjan_nsk@rediffmail.com,Fresh Frozen Plasma,Oh-,
1,"Jankalyan Blood Centre, Nashik",Charitable/Vol,2026-10-09 17:45:09,Blood Bank,Phone: 7774077900; Email: rssjan_nsk@rediffmail.com,Fresh Frozen Plasma,Oh+,
1,"Jankalyan Blood Centre, Nashik",Charitable/Vol,2026-10-09 17:45:09,Blood Bank,Phone: 7774077900; Email: rssjan_nsk@rediffmail.com,Cryoprecipitate,A-,
1,"Jankalyan Blood Centre, Nashik",Charitable/Vol,2026-10-09 17:45:09,Blood Bank,Phone: 7774077900; Email: rssjan_nsk@rediffmail.com,Cryoprecipitate,A+,20.0
1,"Jankalyan Blood Centre, Nashik",Charitable/Vol,2026-10-09 17:45:09,Blood Bank,Phone: 7774077900; Email: rssjan_nsk@rediffmail.com,Cryoprecipitate,B-,4.0
1,"Jankalyan Blood Centre, Nashik",Charitable/Vol,2026-10-09 17:45:09,Blood Bank,Phone: 7774077900; Email: rssjan_nsk@rediffmail.com,Cryoprecipitate,B+,10.0
1,"Jankalyan Blood Centre, Nashik",Charitable/Vol,2026-10-09 17:45:09,Blood Bank,Phone: 7774077900; Email: rssjan_nsk@rediffmail.com,Cryoprecipitate,AB-,1.0
1,"Jankalyan Blood Centre, Nashik",Charitable/Vol,2026-10-09 17:45:09,Blood Bank,Phone: 7774077900; Email: rssjan_nsk@rediffmail.com,Cryoprecipitate,AB+,3.0
1,"Jankalyan Blood Centre, Nashik",Charitable/Vol,2026-10-09 17:45:09,Blood Bank,Phone: 7774077900; Email: rssjan_nsk@rediffmail.com,Cryoprecipitate,O-,7.0
1,"Jankalyan Blood Centre, Nashik",Charitable/Vol,2026-10-09 17:45:09,Blood Bank,Phone: 7774077900; Email: rssjan_nsk@rediffmail.com,Cryoprecipitate,O+,46.0
1,"Jankalyan Blood Centre, Nashik",Charitable/Vol,2026-10-09 17:45:09,Blood Bank,Phone: 7774077900; Email: rssjan_nsk@rediffmail.com,Cryoprecipitate,Oh-,
1,"Jankalyan Blood Centre, Nashik",Charitable/Vol,2026-10-09 17:45:09,Blood Bank,Phone: 7774077900; Email: rssjan_nsk@rediffmail.com,Cryoprecipitate,Oh+,
1,"Jankalyan Blood Centre, Nashik",Charitable/Vol,2026-10-09 17:45:09,Blood Bank,Phone: 7774077900; Email: rssjan_nsk@rediffmail.com,Cryo Poor Plasma,A-,
1,"Jankalyan Blood Centre, Nashik",Charitable/Vol,2026-10-09 17:45:09,Blood Bank,Phone: 7774077900; Email: rssjan_nsk@rediffmail.com,Cryo Poor Plasma,A+,12.0
1,"Jankalyan Blood Centre, Nashik",Charitable/Vol,2026-10-09 17:45:09,Blood Bank,Phone: 7774077900; Email: rssjan_nsk@rediffmail.com,Cryo Poor Plasma,B-,
1,"Jankalyan Blood Centre, Nashik",Charitable/Vol,2026-10-09 17:45:09,Blood Bank,Phone: 7774077900; Email: rssjan_nsk@rediffmail.com,Cryo Poor Plasma,B+,4.0
1,"Jankalyan Blood Centre, Nashik",Charitable/Vol,2026-10-09 17:45:09,Blood Bank,Phone: 7774077900; Email: rssjan_nsk@rediffmail.com,Cryo Poor Plasma,AB-,
1,"Jankalyan Blood Centre, Nashik",Charitable/Vol,2026-10-09 17:45:09,Blood Bank,Phone: 7774077900; Email: rssjan_nsk@rediffmail.com,Cryo Poor Plasma,AB+,1.0
1,"Jankalyan Blood Centre, Nashik",Charitable/Vol,2026-10-09 17:45:09,Blood Bank,Phone: 7774077900; Email: rssjan_nsk@rediffmail.com,Cryo Poor Plasma,O-,1.0
1,"Jankalyan Blood Centre, Nashik",Charitable/Vol,2026-10-09 17:45:09,Blood Bank,Phone: 7774077900; Email: rssjan_nsk@rediffmail.com,Cryo Poor Plasma,O+,11.0
1,"Jankalyan Blood Centre, Nashik",Charitable/Vol,2026-10-09 17:45:09,Blood Bank,Phone: 7774077900; Email: rssjan_nsk@rediffmail.com,Cryo Poor Plasma,Oh-,
1,"Jankalyan Blood Centre, Nashik",Charitable/Vol,2026-10-09 17:45:09,Blood Bank,Phone: 7774077900; Email: rssjan_nsk@rediffmail.com,Cryo Poor Plasma,Oh+,
2,"Arpan Blood Centre and Blood Component Lab, Nashik",Charitable/Vol,2026-10-09 17:45:08,Blood Bank,Phone: 9822234340; Email: nandkishor@arpanbloodbank.org,Packed Red Blood Cells,A-,2.0
2,"Arpan Blood Centre and Blood Component Lab, Nashik",Charitable/Vol,2026-10-09 17:45:08,Blood Bank,Phone: 9822234340; Email: nandkishor@arpanbloodbank.org,Packed Red Blood Cells,A+,59.0
2,"Arpan Blood Centre and Blood Component Lab, Nashik",Charitable/Vol,2026-10-09 17:45:08,Blood Bank,Phone: 9822234340; Email: nandkishor@arpanbloodbank.org,Packed Red Blood Cells,B-,3.0
2,"Arpan Blood Centre and Blood Component Lab, Nashik",Charitable/Vol,2026-10-09 17:45:08,Blood Bank,Phone: 9822234340; Email: nandkishor@arpanbloodbank.org,Packed Red Blood Cells,B+,74.0
2,"Arpan Blood Centre and Blood Component Lab, Nashik",Charitable/Vol,2026-10-09 17:45:08,Blood Bank,Phone: 9822234340; Email: nandkishor@arpanbloodbank.org,Packed Red Blood Cells,AB-,2.0
2,"Arpan Blood Centre and Blood Component Lab, Nashik",Charitable/Vol,2026-10-09 17:45:08,Blood Bank,Phone: 9822234340; Email: nandkishor@arpanbloodbank.org,Packed Red Blood Cells,AB+,20.0
2,"Arpan Blood Centre and Blood Component Lab, Nashik",Charitable/Vol,2026-10-09 17:45:08,Blood Bank,Phone: 9822234340; Email: nandkishor@arpanbloodbank.org,Packed Red Blood Cells,O-,6.0
2,"Arpan Blood Centre and Blood Component Lab, Nashik",Charitable/Vol,2026-10-09 17:45:08,Blood Bank,Phone: 9822234340; Email: nandkishor@arpanbloodbank.org,Packed Red Blood Cells,O+,86.0
2,"Arpan Blood Centre and Blood Component Lab, Nashik",Charitable/Vol,2026-10-09 17:45:08,Blood Bank,Phone: 9822234340; Email: nandkishor@arpanbloodbank.org,Packed Red Blood Cells,Oh-,
2,"Arpan Blood Centre and Blood Component Lab, Nashik",Charitable/Vol,2026-10-09 17:45:08,Blood Bank,Phone: 9822234340; Email: nandkishor@arpanbloodbank.org,Packed Red Blood Cells,Oh+,
2,"Arpan Blood Centre and Blood Component Lab, Nashik",Charitable/Vol,2026-10-09 17:45:08,Blood Bank,Phone: 9822234340; Email: nandkishor@arpanbloodbank.org,Platelet Concentrate,A-,2.0
2,"Arpan Blood Centre and Blood Component Lab, Nashik",Charitable/Vol,2026-10-09 17:45:08,Blood Bank,Phone: 9822234340; Email: nandkishor@arpanbloodbank.org,Platelet Concentrate,A+,1.0
2,"Arpan Blood Centre and Blood Component Lab, Nashik",Charitable/Vol,2026-10-09 17:45:08,Blood Bank,Phone: 9822234340; Email: nandkishor@arpanbloodbank.org,Platelet Concentrate,B-,
2,"Arpan Blood Centre and Blood Component Lab, Nashik",Charitable/Vol,2026-10-09 17:45:08,Blood Bank,Phone: 9822234340; Email: nandkishor@arpanbloodbank.org,Platelet Concentrate,B+,11.0
2,"Arpan Blood Centre and Blood Component Lab, Nashik",Charitable/Vol,2026-10-09 17:45:08,Blood Bank,Phone: 9822234340; Email: nandkishor@arpanbloodbank.org,Platelet Concentrate,AB-,1.0
2,"Arpan Blood Centre and Blood Component Lab, Nashik",Charitable/Vol,2026-10-09 17:45:08,Blood Bank,Phone: 9822234340; Email: nandkishor@arpanbloodbank.org,Platelet Concentrate,AB+,
2,"Arpan Blood Centre and Blood Component Lab, Nashik",Charitable/Vol,2026-10-09 17:45:08,Blood Bank,Phone: 9822234340; Email: nandkishor@arpanbloodbank.org,Platelet Concentrate,O-,
2,"Arpan Blood Centre and Blood Component Lab, Nashik",Charitable/Vol,2026-10-09 17:45:08,Blood Bank,Phone: 9822234340; Email: nandkishor@arpanbloodbank.org,Platelet Concentrate,O+,10.0
2,"Arpan Blood Centre and Blood Component Lab, Nashik",Charitable/Vol,2026-10-09 17:45:08,Blood Bank,Phone: 9822234340; Email: nandkishor@arpanbloodbank.org,Platelet Concentrate,Oh-,
2,"Arpan Blood Centre and Blood Component Lab, Nashik",Charitable/Vol,2026-10-09 17:45:08,Blood Bank,Phone: 9822234340; Email: nandkishor@arpanbloodbank.org,Platelet Concentrate,Oh+,
2,"Arpan Blood Centre and Blood Component Lab, Nashik",Charitable/Vol,2026-10-09 17:45:08,Blood Bank,Phone: 9822234340; Email: nandkishor@arpanbloodbank.org,Fresh Frozen Plasma,A-,21.0
2,"Arpan Blood Centre and Blood Component Lab, Nashik",Charitable/Vol,2026-10-09 17:45:08,Blood Bank,Phone: 9822234340; Email: nandkishor@arpanbloodbank.org,Fresh Frozen Plasma,A+,193.0
2,"Arpan Blood Centre and Blood Component Lab, Nashik",Charitable/Vol,2026-10-09 17:45:08,Blood Bank,Phone: 9822234340; Email: nandkishor@arpanbloodbank.org,Fresh Frozen Plasma,B-,24.0
2,"Arpan Blood Centre and Blood Component Lab, Nashik",Charitable/Vol,2026-10-09 17:45:08,Blood Bank,Phone: 9822234340; Email: nandkishor@arpanbloodbank.org,Fresh Frozen Plasma,B+,183.0
2,"Arpan Blood Centre and Blood Component Lab, Nashik",Charitable/Vol,2026-10-09 17:45:08,Blood Bank,Phone: 9822234340; Email: nandkishor@arpanbloodbank.org,Fresh Frozen Plasma,AB-,7.0
2,"Arpan Blood Centre and Blood Component Lab, Nashik",Charitable/Vol,2026-10-09 17:45:08,Blood Bank,Phone: 9822234340; Email: nandkishor@arpanbloodbank.org,Fresh Frozen Plasma,AB+,44.0
2,"Arpan Blood Centre and Blood Component Lab, Nashik",Charitable/Vol,2026-10-09 17:45:08,Blood Bank,Phone: 9822234340; Email: nandkishor@arpanbloodbank.org,Fresh Frozen Plasma,O-,22.0
2,"Arpan Blood Centre and Blood Component Lab, Nashik",Charitable/Vol,2026-10-09 17:45:08,Blood Bank,Phone: 9822234340; Email: nandkishor@arpanbloodbank.org,Fresh Frozen Plasma,O+,156.0
2,"Arpan Blood Centre and Blood Component Lab, Nashik",Charitable/Vol,2026-10-09 17:45:08,Blood Bank,Phone: 9822234340; Email: nandkishor@arpanbloodbank.org,Fresh Frozen Plasma,Oh-,
2,"Arpan Blood Centre and Blood Component Lab, Nashik",Charitable/Vol,2026-10-09 17:45:08,Blood Bank,Phone: 9822234340; Email: nandkishor@arpanbloodbank.org,Fresh Frozen Plasma,Oh+,
2,"Arpan Blood Centre and Blood Component Lab, Nashik",Charitable/Vol,2026-10-09 17:45:08,Blood Bank,Phone: 9822234340; Email: nandkishor@arpanbloodbank.org,Cryoprecipitate,A-,
2,"Arpan Blood Centre and Blood Component Lab, Nashik",Charitable/Vol,2026-10-09 17:45:08,Blood Bank,Phone: 9822234340; Email: nandkishor@arpanbloodbank.org,Cryoprecipitate,A+,5.0
2,"Arpan Blood Centre and Blood Component Lab, Nashik",Charitable/Vol,2026-10-09 17:45:08,Blood Bank,Phone: 9822234340; Email: nandkishor@arpanbloodbank.org,Cryoprecipitate,B-,3.0
2,"Arpan Blood Centre and Blood Component Lab, Nashik",Charitable/Vol,2026-10-09 17:45:08,Blood Bank,Phone: 9822234340; Email: nandkishor@arpanbloodbank.org,Cryoprecipitate,B+,11.0
2,"Arpan Blood Centre and Blood Component Lab, Nashik",Charitable/Vol,2026-10-09 17:45:08,Blood Bank,Phone: 9822234340; Email: nandkishor@arpanbloodbank.org,Cryoprecipitate,AB-,
2,"Arpan Blood Centre and Blood Component Lab, Nashik",Charitable/Vol,2026-10-09 17:45:08,Blood Bank,Phone: 9822234340; Email: nandkishor@arpanbloodbank.org,Cryoprecipitate,AB+,3.0
2,"Arpan Blood Centre and Blood Component Lab, Nashik",Charitable/Vol,2026-10-09 17:45:08,Blood Bank,Phone: 9822234340; Email: nandkishor@arpanbloodbank.org,Cryoprecipitate,O-,1.0
2,"Arpan Blood Centre and Blood Component Lab, Nashik",Charitable/Vol,2026-10-09 17:45:08,Blood Bank,Phone: 9822234340; Email: nandkishor@arpanbloodbank.org,Cryoprecipitate,O+,7.0
2,"Arpan Blood Centre and Blood Component Lab, Nashik",Charitable/Vol,2026-10-09 17:45:08,Blood Bank,Phone: 9822234340; Email: nandkishor@arpanbloodbank.org,Cryoprecipitate,Oh-,
2,"Arpan Blood Centre and Blood Component Lab, Nashik",Charitable/Vol,2026-10-09 17:45:08,Blood Bank,Phone: 9822234340; Email: nandkishor@arpanbloodbank.org,Cryoprecipitate,Oh+,
3,"Shree Sainath Blood Centre, Sinnar",Charitable/Vol,2026-10-09 11:30:03,Blood Bank,Phone: 9022340171; Email: bloodcentressbc@gmail.com,Packed Red Blood Cells,A-,
3,"Shree Sainath Blood Centre, Sinnar",Charitable/Vol,2026-10-09 11:30:03,Blood Bank,Phone: 9022340171; Email: bloodcentressbc@gmail.com,Packed Red Blood Cells,A+,1.0
3,"Shree Sainath Blood Centre, Sinnar",Charitable/Vol,2026-10-09 11:30:03,Blood Bank,Phone: 9022340171; Email: bloodcentressbc@gmail.com,Packed Red Blood Cells,B-,
3,"Shree Sainath Blood Centre, Sinnar",Charitable/Vol,2026-10-09 11:30:03,Blood Bank,Phone: 9022340171; Email: bloodcentressbc@gmail.com,Packed Red Blood Cells,B+,
3,"Shree Sainath Blood Centre, Sinnar",Charitable/Vol,2026-10-09 11:30:03,Blood Bank,Phone: 9022340171; Email: bloodcentressbc@gmail.com,Packed Red Blood Cells,AB-,
3,"Shree Sainath Blood Centre, Sinnar",Charitable/Vol,2026-10-09 11:30:03,Blood Bank,Phone: 9022340171; Email: bloodcentressbc@gmail.com,Packed Red Blood Cells,AB+,1.0
3,"Shree Sainath Blood Centre, Sinnar",Charitable/Vol,2026-10-09 11:30:03,Blood Bank,Phone: 9022340171; Email: bloodcentressbc@gmail.com,Packed Red Blood Cells,O-,
3,"Shree Sainath Blood Centre, Sinnar",Charitable/Vol,2026-10-09 11:30:03,Blood Bank,Phone: 9022340171; Email: bloodcentressbc@gmail.com,Packed Red Blood Cells,O+,31.0
3,"Shree Sainath Blood Centre, Sinnar",Charitable/Vol,2026-10-09 11:30:03,Blood Bank,Phone: 9022340171; Email: bloodcentressbc@gmail.com,Packed Red Blood Cells,Oh-,
3,"Shree Sainath Blood Centre, Sinnar",Charitable/Vol,2026-10-09 11:30:03,Blood Bank,Phone: 9022340171; Email: bloodcentressbc@gmail.com,Packed Red Blood Cells,Oh+,
3,"Shree Sainath Blood Centre, Sinnar",Charitable/Vol,2026-10-09 11:30:03,Blood Bank,Phone: 9022340171; Email: bloodcentressbc@gmail.com,Fresh Frozen Plasma,A-,
3,"Shree Sainath Blood Centre, Sinnar",Charitable/Vol,2026-10-09 11:30:03,Blood Bank,Phone: 9022340171; Email: bloodcentressbc@gmail.com,Fresh Frozen Plasma,A+,6.0
3,"Shree Sainath Blood Centre, Sinnar",Charitable/Vol,2026-10-09 11:30:03,Blood Bank,Phone: 9022340171; Email: bloodcentressbc@gmail.com,Fresh Frozen Plasma,B-,
3,"Shree Sainath Blood Centre, Sinnar",Charitable/Vol,2026-10-09 11:30:03,Blood Bank,Phone: 9022340171; Email: bloodcentressbc@gmail.com,Fresh Frozen Plasma,B+,3.0
3,"Shree Sainath Blood Centre, Sinnar",Charitable/Vol,2026-10-09 11:30:03,Blood Bank,Phone: 9022340171; Email: bloodcentressbc@gmail.com,Fresh Frozen Plasma,AB-,
3,"Shree Sainath Blood Centre, Sinnar",Charitable/Vol,2026-10-09 11:30:03,Blood Bank,Phone: 9022340171; Email: bloodcentressbc@gmail.com,Fresh Frozen Plasma,AB+,
3,"Shree Sainath Blood Centre, Sinnar",Charitable/Vol,2026-10-09 11:30:03,Blood Bank,Phone: 9022340171; Email: bloodcentressbc@gmail.com,Fresh Frozen Plasma,O-,1.0
3,"Shree Sainath Blood Centre, Sinnar",Charitable/Vol,2026-10-09 11:30:03,Blood Bank,Phone: 9022340171; Email: bloodcentressbc@gmail.com,Fresh Frozen Plasma,O+,3.0
3,"Shree Sainath Blood Centre, Sinnar",Charitable/Vol,2026-10-09 11:30:03,Blood Bank,Phone: 9022340171; Email: bloodcentressbc@gmail.com,Fresh Frozen Plasma,Oh-,
3,"Shree Sainath Blood Centre, Sinnar",Charitable/Vol,2026-10-09 11:30:03,Blood Bank,Phone: 9022340171; Email: bloodcentressbc@gmail.com,Fresh Frozen Plasma,Oh+,
4,"DevaS Health and Development Foundation, Santam Blood Centre",Charitable/Vol,2026-10-09 10:57:14,Blood Bank,Phone: 9975997867; Email: samtalbloodbank@gmail.com,Packed Red Blood Cells,A-,
4,"DevaS Health and Development Foundation, Santam Blood Centre",Charitable/Vol,2026-10-09 10:57:14,Blood Bank,Phone: 9975997867; Email: samtalbloodbank@gmail.com,Packed Red Blood Cells,A+,
4,"DevaS Health and Development Foundation, Santam Blood Centre",Charitable/Vol,2026-10-09 10:57:14,Blood Bank,Phone: 9975997867; Email: samtalbloodbank@gmail.com,Packed Red Blood Cells,B-,
4,"DevaS Health and Development Foundation, Santam Blood Centre",Charitable/Vol,2026-10-09 10:57:14,Blood Bank,Phone: 9975997867; Email: samtalbloodbank@gmail.com,Packed Red Blood Cells,B+,2.0
4,"DevaS Health and Development Foundation, Santam Blood Centre",Charitable/Vol,2026-10-09 10:57:14,Blood Bank,Phone: 9975997867; Email: samtalbloodbank@gmail.com,Packed Red Blood Cells,AB-,
4,"DevaS Health and Development Foundation, Santam Blood Centre",Charitable/Vol,2026-10-09 10:57:14,Blood Bank,Phone: 9975997867; Email: samtalbloodbank@gmail.com,Packed Red Blood Cells,AB+,1.0
4,"DevaS Health and Development Foundation, Santam Blood Centre",Charitable/Vol,2026-10-09 10:57:14,Blood Bank,Phone: 9975997867; Email: samtalbloodbank@gmail.com,Packed Red Blood Cells,O-,
4,"DevaS Health and Development Foundation, Santam Blood Centre",Charitable/Vol,2026-10-09 10:57:14,Blood Bank,Phone: 9975997867; Email: samtalbloodbank@gmail.com,Packed Red Blood Cells,O+,4.0
4,"DevaS Health and Development Foundation, Santam Blood Centre",Charitable/Vol,2026-10-09 10:57:14,Blood Bank,Phone: 9975997867; Email: samtalbloodbank@gmail.com,Packed Red Blood Cells,Oh-,
4,"DevaS Health and Development Foundation, Santam Blood Centre",Charitable/Vol,2026-10-09 10:57:14,Blood Bank,Phone: 9975997867; Email: samtalbloodbank@gmail.com,Packed Red Blood Cells,Oh+,
4,"DevaS Health and Development Foundation, Santam Blood Centre",Charitable/Vol,2026-10-09 10:57:14,Blood Bank,Phone: 9975997867; Email: samtalbloodbank@gmail.com,Fresh Frozen Plasma,A-,
4,"DevaS Health and Development Foundation, Santam Blood Centre",Charitable/Vol,2026-10-09 10:57:14,Blood Bank,Phone: 9975997867; Email: samtalbloodbank@gmail.com,Fresh Frozen Plasma,A+,78.0
4,"DevaS Health and Development Foundation, Santam Blood Centre",Charitable/Vol,2026-10-09 10:57:14,Blood Bank,Phone: 9975997867; Email: samtalbloodbank@gmail.com,Fresh Frozen Plasma,B-,
4,"DevaS Health and Development Foundation, Santam Blood Centre",Charitable/Vol,2026-10-09 10:57:14,Blood Bank,Phone: 9975997867; Email: samtalbloodbank@gmail.com,Fresh Frozen Plasma,B+,65.0
4,"DevaS Health and Development Foundation, Santam Blood Centre",Charitable/Vol,2026-10-09 10:57:14,Blood Bank,Phone: 9975997867; Email: samtalbloodbank@gmail.com,Fresh Frozen Plasma,AB-,
4,"DevaS Health and Development Foundation, Santam Blood Centre",Charitable/Vol,2026-10-09 10:57:14,Blood Bank,Phone: 9975997867; Email: samtalbloodbank@gmail.com,Fresh Frozen Plasma,AB+,12.0
4,"DevaS Health and Development Foundation, Santam Blood Centre",Charitable/Vol,2026-10-09 10:57:14,Blood Bank,Phone: 9975997867; Email: samtalbloodbank@gmail.com,Fresh Frozen Plasma,O-,
4,"DevaS Health and Development Foundation, Santam Blood Centre",Charitable/Vol,2026-10-09 10:57:14,Blood Bank,Phone: 9975997867; Email: samtalbloodbank@gmail.com,Fresh Frozen Plasma,O+,169.0
4,"DevaS Health and Development Foundation, Santam Blood Centre",Charitable/Vol,2026-10-09 10:57:14,Blood Bank,Phone: 9975997867; Email: samtalbloodbank@gmail.com,Fresh Frozen Plasma,Oh-,
4,"DevaS Health and Development Foundation, Santam Blood Centre",Charitable/Vol,2026-10-09 10:57:14,Blood Bank,Phone: 9975997867; Email: samtalbloodbank@gmail.com,Fresh Frozen Plasma,Oh+,
5,"Civil Hospital Blood Centre, Nashik",Govt.,2026-10-09 10:56:14,Blood Bank,Phone: 7821024199; Email: civilbloodbanknsk@gmail.com,Packed Red Blood Cells,A-,8.0
5,"Civil Hospital Blood Centre, Nashik",Govt.,2026-10-09 10:56:14,Blood Bank,Phone: 7821024199; Email: civilbloodbanknsk@gmail.com,Packed Red Blood Cells,A+,11.0
5,"Civil Hospital Blood Centre, Nashik",Govt.,2026-10-09 10:56:14,Blood Bank,Phone: 7821024199; Email: civilbloodbanknsk@gmail.com,Packed Red Blood Cells,B-,4.0
5,"Civil Hospital Blood Centre, Nashik",Govt.,2026-10-09 10:56:14,Blood Bank,Phone: 7821024199; Email: civilbloodbanknsk@gmail.com,Packed Red Blood Cells,B+,15.0
5,"Civil Hospital Blood Centre, Nashik",Govt.,2026-10-09 10:56:14,Blood Bank,Phone: 7821024199; Email: civilbloodbanknsk@gmail.com,Packed Red Blood Cells,AB-,
5,"Civil Hospital Blood Centre, Nashik",Govt.,2026-10-09 10:56:14,Blood Bank,Phone: 7821024199; Email: civilbloodbanknsk@gmail.com,Packed Red Blood Cells,AB+,6.0
5,"Civil Hospital Blood Centre, Nashik",Govt.,2026-10-09 10:56:14,Blood Bank,Phone: 7821024199; Email: civilbloodbanknsk@gmail.com,Packed Red Blood Cells,O-,7.0
5,"Civil Hospital Blood Centre, Nashik",Govt.,2026-10-09 10:56:14,Blood Bank,Phone: 7821024199; Email: civilbloodbanknsk@gmail.com,Packed Red Blood Cells,O+,13.0
5,"Civil Hospital Blood Centre, Nashik",Govt.,2026-10-09 10:56:14,Blood Bank,Phone: 7821024199; Email: civilbloodbanknsk@gmail.com,Packed Red Blood Cells,Oh-,
5,"Civil Hospital Blood Centre, Nashik",Govt.,2026-10-09 10:56:14,Blood Bank,Phone: 7821024199; Email: civilbloodbanknsk@gmail.com,Packed Red Blood Cells,Oh+,
5,"Civil Hospital Blood Centre, Nashik",Govt.,2026-10-09 10:56:14,Blood Bank,Phone: 7821024199; Email: civilbloodbanknsk@gmail.com,Fresh Frozen Plasma,A-,10.0
5,"Civil Hospital Blood Centre, Nashik",Govt.,2026-10-09 10:56:14,Blood Bank,Phone: 7821024199; Email: civilbloodbanknsk@gmail.com,Fresh Frozen Plasma,A+,87.0
5,"Civil Hospital Blood Centre, Nashik",Govt.,2026-10-09 10:56:14,Blood Bank,Phone: 7821024199; Email: civilbloodbanknsk@gmail.com,Fresh Frozen Plasma,B-,6.0
5,"Civil Hospital Blood Centre, Nashik",Govt.,2026-10-09 10:56:14,Blood Bank,Phone: 7821024199; Email: civilbloodbanknsk@gmail.com,Fresh Frozen Plasma,B+,140.0
5,"Civil Hospital Blood Centre, Nashik",Govt.,2026-10-09 10:56:14,Blood Bank,Phone: 7821024199; Email: civilbloodbanknsk@gmail.com,Fresh Frozen Plasma,AB-,3.0
5,"Civil Hospital Blood Centre, Nashik",Govt.,2026-10-09 10:56:14,Blood Bank,Phone: 7821024199; Email: civilbloodbanknsk@gmail.com,Fresh Frozen Plasma,AB+,27.0
5,"Civil Hospital Blood Centre, Nashik",Govt.,2026-10-09 10:56:14,Blood Bank,Phone: 7821024199; Email: civilbloodbanknsk@gmail.com,Fresh Frozen Plasma,O-,9.0
5,"Civil Hospital Blood Centre, Nashik",Govt.,2026-10-09 10:56:14,Blood Bank,Phone: 7821024199; Email: civilbloodbanknsk@gmail.com,Fresh Frozen Plasma,O+,109.0
5,"Civil Hospital Blood Centre, Nashik",Govt.,2026-10-09 10:56:14,Blood Bank,Phone: 7821024199; Email: civilbloodbanknsk@gmail.com,Fresh Frozen Plasma,Oh-,
5,"Civil Hospital Blood Centre, Nashik",Govt.,2026-10-09 10:56:14,Blood Bank,Phone: 7821024199; Email: civilbloodbanknsk@gmail.com,Fresh Frozen Plasma,Oh+,
5,"Civil Hospital Blood Centre, Nashik",Govt.,2026-10-09 10:56:14,Blood Bank,Phone: 7821024199; Email: civilbloodbanknsk@gmail.com,Whole Blood,A-,
5,"Civil Hospital Blood Centre, Nashik",Govt.,2026-10-09 10:56:14,Blood Bank,Phone: 7821024199; Email: civilbloodbanknsk@gmail.com,Whole Blood,A+,2.0
5,"Civil Hospital Blood Centre, Nashik",Govt.,2026-10-09 10:56:14,Blood Bank,Phone: 7821024199; Email: civilbloodbanknsk@gmail.com,Whole Blood,B-,2.0
5,"Civil Hospital Blood Centre, Nashik",Govt.,2026-10-09 10:56:14,Blood Bank,Phone: 7821024199; Email: civilbloodbanknsk@gmail.com,Whole Blood,B+,1.0
5,"Civil Hospital Blood Centre, Nashik",Govt.,2026-10-09 10:56:14,Blood Bank,Phone: 7821024199; Email: civilbloodbanknsk@gmail.com,Whole Blood,AB-,
5,"Civil Hospital Blood Centre, Nashik",Govt.,2026-10-09 10:56:14,Blood Bank,Phone: 7821024199; Email: civilbloodbanknsk@gmail.com,Whole Blood,AB+,
5,"Civil Hospital Blood Centre, Nashik",Govt.,2026-10-09 10:56:14,Blood Bank,Phone: 7821024199; Email: civilbloodbanknsk@gmail.com,Whole Blood,O-,4.0
5,"Civil Hospital Blood Centre, Nashik",Govt.,2026-10-09 10:56:14,Blood Bank,Phone: 7821024199; Email: civilbloodbanknsk@gmail.com,Whole Blood,O+,
5,"Civil Hospital Blood Centre, Nashik",Govt.,2026-10-09 10:56:14,Blood Bank,Phone: 7821024199; Email: civilbloodbanknsk@gmail.com,Whole Blood,Oh-,
5,"Civil Hospital Blood Centre, Nashik",Govt.,2026-10-09 10:56:14,Blood Bank,Phone: 7821024199; Email: civilbloodbanknsk@gmail.com,Whole Blood,Oh+,
6,"Laksh Foundation, Lifeline Blood Centre, Nashik",Charitable/Vol,2026-10-09 10:50:28,Blood Bank,Phone: 8308400083; Email: lifelinebloodbanknashik@gmail.com,Packed Red Blood Cells,A-,
6,"Laksh Foundation, Lifeline Blood Centre, Nashik",Charitable/Vol,2026-10-09 10:50:28,Blood Bank,Phone: 8308400083; Email: lifelinebloodbanknashik@gmail.com,Packed Red Blood Cells,A+,14.0
6,"Laksh Foundation, Lifeline Blood Centre, Nashik",Charitable/Vol,2026-10-09 10:50:28,Blood Bank,Phone: 8308400083; Email: lifelinebloodbanknashik@gmail.com,Packed Red Blood Cells,B-,
6,"Laksh Foundation, Lifeline Blood Centre, Nashik",Charitable/Vol,2026-10-09 10:50:28,Blood Bank,Phone: 8308400083; Email: lifelinebloodbanknashik@gmail.com,Packed Red Blood Cells,B+,69.0
6,"Laksh Foundation, Lifeline Blood Centre, Nashik",Charitable/Vol,2026-10-09 10:50:28,Blood Bank,Phone: 8308400083; Email: lifelinebloodbanknashik@gmail.com,Packed Red Blood Cells,AB-,
6,"Laksh Foundation, Lifeline Blood Centre, Nashik",Charitable/Vol,2026-10-09 10:50:28,Blood Bank,Phone: 8308400083; Email: lifelinebloodbanknashik@gmail.com,Packed Red Blood Cells,AB+,12.0
6,"Laksh Foundation, Lifeline Blood Centre, Nashik",Charitable/Vol,2026-10-09 10:50:28,Blood Bank,Phone: 8308400083; Email: lifelinebloodbanknashik@gmail.com,Packed Red Blood Cells,O-,3.0
6,"Laksh Foundation, Lifeline Blood Centre, Nashik",Charitable/Vol,2026-10-09 10:50:28,Blood Bank,Phone: 8308400083; Email: lifelinebloodbanknashik@gmail.com,Packed Red Blood Cells,O+,50.0
6,"Laksh Foundation, Lifeline Blood Centre, Nashik",Charitable/Vol,2026-10-09 10:50:28,Blood Bank,Phone: 8308400083; Email: lifelinebloodbanknashik@gmail.com,Packed Red Blood Cells,Oh-,
6,"Laksh Foundation, Lifeline Blood Centre, Nashik",Charitable/Vol,2026-10-09 10:50:28,Blood Bank,Phone: 8308400083; Email: lifelinebloodbanknashik@gmail.com,Packed Red Blood Cells,Oh+,
6,"Laksh Foundation, Lifeline Blood Centre, Nashik",Charitable/Vol,2026-10-09 10:50:28,Blood Bank,Phone: 8308400083; Email: lifelinebloodbanknashik@gmail.com,Fresh Frozen Plasma,A-,9.0
6,"Laksh Foundation, Lifeline Blood Centre, Nashik",Charitable/Vol,2026-10-09 10:50:28,Blood Bank,Phone: 8308400083; Email: lifelinebloodbanknashik@gmail.com,Fresh Frozen Plasma,A+,91.0
6,"Laksh Foundation, Lifeline Blood Centre, Nashik",Charitable/Vol,2026-10-09 10:50:28,Blood Bank,Phone: 8308400083; Email: lifelinebloodbanknashik@gmail.com,Fresh Frozen Plasma,B-,4.0
6,"Laksh Foundation, Lifeline Blood Centre, Nashik",Charitable/Vol,2026-10-09 10:50:28,Blood Bank,Phone: 8308400083; Email: lifelinebloodbanknashik@gmail.com,Fresh Frozen Plasma,B+,121.0
6,"Laksh Foundation, Lifeline Blood Centre, Nashik",Charitable/Vol,2026-10-09 10:50:28,Blood Bank,Phone: 8308400083; Email: lifelinebloodbanknashik@gmail.com,Fresh Frozen Plasma,AB-,1.0
6,"Laksh Foundation, Lifeline Blood Centre, Nashik",Charitable/Vol,2026-10-09 10:50:28,Blood Bank,Phone: 8308400083; Email: lifelinebloodbanknashik@gmail.com,Fresh Frozen Plasma,AB+,28.0
6,"Laksh Foundation, Lifeline Blood Centre, Nashik",Charitable/Vol,2026-10-09 10:50:28,Blood Bank,Phone: 8308400083; Email: lifelinebloodbanknashik@gmail.com,Fresh Frozen Plasma,O-,6.0
6,"Laksh Foundation, Lifeline Blood Centre, Nashik",Charitable/Vol,2026-10-09 10:50:28,Blood Bank,Phone: 8308400083; Email: lifelinebloodbanknashik@gmail.com,Fresh Frozen Plasma,O+,116.0
6,"Laksh Foundation, Lifeline Blood Centre, Nashik",Charitable/Vol,2026-10-09 10:50:28,Blood Bank,Phone: 8308400083; Email: lifelinebloodbanknashik@gmail.com,Fresh Frozen Plasma,Oh-,
6,"Laksh Foundation, Lifeline Blood Centre, Nashik",Charitable/Vol,2026-10-09 10:50:28,Blood Bank,Phone: 8308400083; Email: lifelinebloodbanknashik@gmail.com,Fresh Frozen Plasma,Oh+,
7,"Panchavati Blood Centre, Nashik",Charitable/Vol,2026-10-09 10:34:19,Blood Bank,Phone: 9823860718; Email: panchavatibloodcentre25@gmail.com,Packed Red Blood Cells,A-,1.0
7,"Panchavati Blood Centre, Nashik",Charitable/Vol,2026-10-09 10:34:19,Blood Bank,Phone: 9823860718; Email: panchavatibloodcentre25@gmail.com,Packed Red Blood Cells,A+,31.0
7,"Panchavati Blood Centre, Nashik",Charitable/Vol,2026-10-09 10:34:19,Blood Bank,Phone: 9823860718; Email: panchavatibloodcentre25@gmail.com,Packed Red Blood Cells,B-,2.0
7,"Panchavati Blood Centre, Nashik",Charitable/Vol,2026-10-09 10:34:19,Blood Bank,Phone: 9823860718; Email: panchavatibloodcentre25@gmail.com,Packed Red Blood Cells,B+,74.0
7,"Panchavati Blood Centre, Nashik",Charitable/Vol,2026-10-09 10:34:19,Blood Bank,Phone: 9823860718; Email: panchavatibloodcentre25@gmail.com,Packed Red Blood Cells,AB-,
7,"Panchavati Blood Centre, Nashik",Charitable/Vol,2026-10-09 10:34:19,Blood Bank,Phone: 9823860718; Email: panchavatibloodcentre25@gmail.com,Packed Red Blood Cells,AB+,23.0
7,"Panchavati Blood Centre, Nashik",Charitable/Vol,2026-10-09 10:34:19,Blood Bank,Phone: 9823860718; Email: panchavatibloodcentre25@gmail.com,Packed Red Blood Cells,O-,1.0
7,"Panchavati Blood Centre, Nashik",Charitable/Vol,2026-10-09 10:34:19,Blood Bank,Phone: 9823860718; Email: panchavatibloodcentre25@gmail.com,Packed Red Blood Cells,O+,86.0
7,"Panchavati Blood Centre, Nashik",Charitable/Vol,2026-10-09 10:34:19,Blood Bank,Phone: 9823860718; Email: panchavatibloodcentre25@gmail.com,Packed Red Blood Cells,Oh-,
7,"Panchavati Blood Centre, Nashik",Charitable/Vol,2026-10-09 10:34:19,Blood Bank,Phone: 9823860718; Email: panchavatibloodcentre25@gmail.com,Packed Red Blood Cells,Oh+,
7,"Panchavati Blood Centre, Nashik",Charitable/Vol,2026-10-09 10:34:19,Blood Bank,Phone: 9823860718; Email: panchavatibloodcentre25@gmail.com,Fresh Frozen Plasma,A-,
7,"Panchavati Blood Centre, Nashik",Charitable/Vol,2026-10-09 10:34:19,Blood Bank,Phone: 9823860718; Email: panchavatibloodcentre25@gmail.com,Fresh Frozen Plasma,A+,5.0
7,"Panchavati Blood Centre, Nashik",Charitable/Vol,2026-10-09 10:34:19,Blood Bank,Phone: 9823860718; Email: panchavatibloodcentre25@gmail.com,Fresh Frozen Plasma,B-,
7,"Panchavati Blood Centre, Nashik",Charitable/Vol,2026-10-09 10:34:19,Blood Bank,Phone: 9823860718; Email: panchavatibloodcentre25@gmail.com,Fresh Frozen Plasma,B+,4.0
7,"Panchavati Blood Centre, Nashik",Charitable/Vol,2026-10-09 10:34:19,Blood Bank,Phone: 9823860718; Email: panchavatibloodcentre25@gmail.com,Fresh Frozen Plasma,AB-,
7,"Panchavati Blood Centre, Nashik",Charitable/Vol,2026-10-09 10:34:19,Blood Bank,Phone: 9823860718; Email: panchavatibloodcentre25@gmail.com,Fresh Frozen Plasma,AB+,6.0
7,"Panchavati Blood Centre, Nashik",Charitable/Vol,2026-10-09 10:34:19,Blood Bank,Phone: 9823860718; Email: panchavatibloodcentre25@gmail.com,Fresh Frozen Plasma,O-,
7,"Panchavati Blood Centre, Nashik",Charitable/Vol,2026-10-09 10:34:19,Blood Bank,Phone: 9823860718; Email: panchavatibloodcentre25@gmail.com,Fresh Frozen Plasma,O+,5.0
7,"Panchavati Blood Centre, Nashik",Charitable/Vol,2026-10-09 10:34:19,Blood Bank,Phone: 9823860718; Email: panchavatibloodcentre25@gmail.com,Fresh Frozen Plasma,Oh-,
7,"Panchavati Blood Centre, Nashik",Charitable/Vol,2026-10-09 10:34:19,Blood Bank,Phone: 9823860718; Email: panchavatibloodcentre25@gmail.com,Fresh Frozen Plasma,Oh+,
8,General Hospital Malegaon Blood Centre,Govt.,2026-10-09 10:13:03,Blood Bank,Phone: 7587888915 / 9820271312; Email: ghmalegaonbloodbank@gmail.com,Whole Blood,A-,
8,General Hospital Malegaon Blood Centre,Govt.,2026-10-09 10:13:03,Blood Bank,Phone: 7587888915 / 9820271312; Email: ghmalegaonbloodbank@gmail.com,Whole Blood,A+,3.0
8,General Hospital Malegaon Blood Centre,Govt.,2026-10-09 10:13:03,Blood Bank,Phone: 7587888915 / 9820271312; Email: ghmalegaonbloodbank@gmail.com,Whole Blood,B-,
8,General Hospital Malegaon Blood Centre,Govt.,2026-10-09 10:13:03,Blood Bank,Phone: 7587888915 / 9820271312; Email: ghmalegaonbloodbank@gmail.com,Whole Blood,B+,
8,General Hospital Malegaon Blood Centre,Govt.,2026-10-09 10:13:03,Blood Bank,Phone: 7587888915 / 9820271312; Email: ghmalegaonbloodbank@gmail.com,Whole Blood,AB-,
8,General Hospital Malegaon Blood Centre,Govt.,2026-10-09 10:13:03,Blood Bank,Phone: 7587888915 / 9820271312; Email: ghmalegaonbloodbank@gmail.com,Whole Blood,AB+,
8,General Hospital Malegaon Blood Centre,Govt.,2026-10-09 10:13:03,Blood Bank,Phone: 7587888915 / 9820271312; Email: ghmalegaonbloodbank@gmail.com,Whole Blood,O-,
8,General Hospital Malegaon Blood Centre,Govt.,2026-10-09 10:13:03,Blood Bank,Phone: 7587888915 / 9820271312; Email: ghmalegaonbloodbank@gmail.com,Whole Blood,O+,
8,General Hospital Malegaon Blood Centre,Govt.,2026-10-09 10:13:03,Blood Bank,Phone: 7587888915 / 9820271312; Email: ghmalegaonbloodbank@gmail.com,Whole Blood,Oh-,
8,General Hospital Malegaon Blood Centre,Govt.,2026-10-09 10:13:03,Blood Bank,Phone: 7587888915 / 9820271312; Email: ghmalegaonbloodbank@gmail.com,Whole Blood,Oh+,
9,"Shri Sai Seva Medical Foundation Sanchalith, Nashik",Charitable/Vol,2026-10-09 09:43:05,Blood Bank,Phone: 9372811919; Email: sanjeevani.bb@gmail.com,Packed Red Blood Cells,A-,
9,"Shri Sai Seva Medical Foundation Sanchalith, Nashik",Charitable/Vol,2026-10-09 09:43:05,Blood Bank,Phone: 9372811919; Email: sanjeevani.bb@gmail.com,Packed Red Blood Cells,A+,20.0
9,"Shri Sai Seva Medical Foundation Sanchalith, Nashik",Charitable/Vol,2026-10-09 09:43:05,Blood Bank,Phone: 9372811919; Email: sanjeevani.bb@gmail.com,Packed Red Blood Cells,B-,
9,"Shri Sai Seva Medical Foundation Sanchalith, Nashik",Charitable/Vol,2026-10-09 09:43:05,Blood Bank,Phone: 9372811919; Email: sanjeevani.bb@gmail.com,Packed Red Blood Cells,B+,30.0
9,"Shri Sai Seva Medical Foundation Sanchalith, Nashik",Charitable/Vol,2026-10-09 09:43:05,Blood Bank,Phone: 9372811919; Email: sanjeevani.bb@gmail.com,Packed Red Blood Cells,AB-,
9,"Shri Sai Seva Medical Foundation Sanchalith, Nashik",Charitable/Vol,2026-10-09 09:43:05,Blood Bank,Phone: 9372811919; Email: sanjeevani.bb@gmail.com,Packed Red Blood Cells,AB+,5.0
9,"Shri Sai Seva Medical Foundation Sanchalith, Nashik",Charitable/Vol,2026-10-09 09:43:05,Blood Bank,Phone: 9372811919; Email: sanjeevani.bb@gmail.com,Packed Red Blood Cells,O-,
9,"Shri Sai Seva Medical Foundation Sanchalith, Nashik",Charitable/Vol,2026-10-09 09:43:05,Blood Bank,Phone: 9372811919; Email: sanjeevani.bb@gmail.com,Packed Red Blood Cells,O+,30.0
9,"Shri Sai Seva Medical Foundation Sanchalith, Nashik",Charitable/Vol,2026-10-09 09:43:05,Blood Bank,Phone: 9372811919; Email: sanjeevani.bb@gmail.com,Packed Red Blood Cells,Oh-,
9,"Shri Sai Seva Medical Foundation Sanchalith, Nashik",Charitable/Vol,2026-10-09 09:43:05,Blood Bank,Phone: 9372811919; Email: sanjeevani.bb@gmail.com,Packed Red Blood Cells,Oh+,
9,"Shri Sai Seva Medical Foundation Sanchalith, Nashik",Charitable/Vol,2026-10-09 09:43:05,Blood Bank,Phone: 9372811919; Email: sanjeevani.bb@gmail.com,Fresh Frozen Plasma,A-,
9,"Shri Sai Seva Medical Foundation Sanchalith, Nashik",Charitable/Vol,2026-10-09 09:43:05,Blood Bank,Phone: 9372811919; Email: sanjeevani.bb@gmail.com,Fresh Frozen Plasma,A+,16.0
9,"Shri Sai Seva Medical Foundation Sanchalith, Nashik",Charitable/Vol,2026-10-09 09:43:05,Blood Bank,Phone: 9372811919; Email: sanjeevani.bb@gmail.com,Fresh Frozen Plasma,B-,
9,"Shri Sai Seva Medical Foundation Sanchalith, Nashik",Charitable/Vol,2026-10-09 09:43:05,Blood Bank,Phone: 9372811919; Email: sanjeevani.bb@gmail.com,Fresh Frozen Plasma,B+,30.0
9,"Shri Sai Seva Medical Foundation Sanchalith, Nashik",Charitable/Vol,2026-10-09 09:43:05,Blood Bank,Phone: 9372811919; Email: sanjeevani.bb@gmail.com,Fresh Frozen Plasma,AB-,
9,"Shri Sai Seva Medical Foundation Sanchalith, Nashik",Charitable/Vol,2026-10-09 09:43:05,Blood Bank,Phone: 9372811919; Email: sanjeevani.bb@gmail.com,Fresh Frozen Plasma,AB+,15.0
9,"Shri Sai Seva Medical Foundation Sanchalith, Nashik",Charitable/Vol,2026-10-09 09:43:05,Blood Bank,Phone: 9372811919; Email: sanjeevani.bb@gmail.com,Fresh Frozen Plasma,O-,
9,"Shri Sai Seva Medical Foundation Sanchalith, Nashik",Charitable/Vol,2026-10-09 09:43:05,Blood Bank,Phone: 9372811919; Email: sanjeevani.bb@gmail.com,Fresh Frozen Plasma,O+,38.0
9,"Shri Sai Seva Medical Foundation Sanchalith, Nashik",Charitable/Vol,2026-10-09 09:43:05,Blood Bank,Phone: 9372811919; Email: sanjeevani.bb@gmail.com,Fresh Frozen Plasma,Oh-,
9,"Shri Sai Seva Medical Foundation Sanchalith, Nashik",Charitable/Vol,2026-10-09 09:43:05,Blood Bank,Phone: 9372811919; Email: sanjeevani.bb@gmail.com,Fresh Frozen Plasma,Oh+,
10,"Medical Superintendent, Regional Referral Hospital, Nashik",Govt.,2026-10-09 09:38:21,Blood Bank,Phone: 9850632960; Email: rrhnashik@gmail.com,Whole Blood,A-,
10,"Medical Superintendent, Regional Referral Hospital, Nashik",Govt.,2026-10-09 09:38:21,Blood Bank,Phone: 9850632960; Email: rrhnashik@gmail.com,Whole Blood,A+,15.0
10,"Medical Superintendent, Regional Referral Hospital, Nashik",Govt.,2026-10-09 09:38:21,Blood Bank,Phone: 9850632960; Email: rrhnashik@gmail.com,Whole Blood,B-,
10,"Medical Superintendent, Regional Referral Hospital, Nashik",Govt.,2026-10-09 09:38:21,Blood Bank,Phone: 9850632960; Email: rrhnashik@gmail.com,Whole Blood,B+,11.0
10,"Medical Superintendent, Regional Referral Hospital, Nashik",Govt.,2026-10-09 09:38:21,Blood Bank,Phone: 9850632960; Email: rrhnashik@gmail.com,Whole Blood,AB-,
10,"Medical Superintendent, Regional Referral Hospital, Nashik",Govt.,2026-10-09 09:38:21,Blood Bank,Phone: 9850632960; Email: rrhnashik@gmail.com,Whole Blood,AB+,
10,"Medical Superintendent, Regional Referral Hospital, Nashik",Govt.,2026-10-09 09:38:21,Blood Bank,Phone: 9850632960; Email: rrhnashik@gmail.com,Whole Blood,O-,
10,"Medical Superintendent, Regional Referral Hospital, Nashik",Govt.,2026-10-09 09:38:21,Blood Bank,Phone: 9850632960; Email: rrhnashik@gmail.com,Whole Blood,O+,26.0
10,"Medical Superintendent, Regional Referral Hospital, Nashik",Govt.,2026-10-09 09:38:21,Blood Bank,Phone: 9850632960; Email: rrhnashik@gmail.com,Whole Blood,Oh-,
10,"Medical Superintendent, Regional Referral Hospital, Nashik",Govt.,2026-10-09 09:38:21,Blood Bank,Phone: 9850632960; Email: rrhnashik@gmail.com,Whole Blood,Oh+,
11,Nashik Blood Bank and Transfusion Research Centre,Charitable/Vol,2026-10-09 09:25:36,Blood Bank,Phone: 9922901047; Email: nashikbloodbank18@gmail.com,Plasma,A-,
11,Nashik Blood Bank and Transfusion Research Centre,Charitable/Vol,2026-10-09 09:25:36,Blood Bank,Phone: 9922901047; Email: nashikbloodbank18@gmail.com,Plasma,A+,
11,Nashik Blood Bank and Transfusion Research Centre,Charitable/Vol,2026-10-09 09:25:36,Blood Bank,Phone: 9922901047; Email: nashikbloodbank18@gmail.com,Plasma,B-,
11,Nashik Blood Bank and Transfusion Research Centre,Charitable/Vol,2026-10-09 09:25:36,Blood Bank,Phone: 9922901047; Email: nashikbloodbank18@gmail.com,Plasma,B+,
11,Nashik Blood Bank and Transfusion Research Centre,Charitable/Vol,2026-10-09 09:25:36,Blood Bank,Phone: 9922901047; Email: nashikbloodbank18@gmail.com,Plasma,AB-,
11,Nashik Blood Bank and Transfusion Research Centre,Charitable/Vol,2026-10-09 09:25:36,Blood Bank,Phone: 9922901047; Email: nashikbloodbank18@gmail.com,Plasma,AB+,
11,Nashik Blood Bank and Transfusion Research Centre,Charitable/Vol,2026-10-09 09:25:36,Blood Bank,Phone: 9922901047; Email: nashikbloodbank18@gmail.com,Plasma,O-,3.0
11,Nashik Blood Bank and Transfusion Research Centre,Charitable/Vol,2026-10-09 09:25:36,Blood Bank,Phone: 9922901047; Email: nashikbloodbank18@gmail.com,Plasma,O+,1.0
11,Nashik Blood Bank and Transfusion Research Centre,Charitable/Vol,2026-10-09 09:25:36,Blood Bank,Phone: 9922901047; Email: nashikbloodbank18@gmail.com,Plasma,Oh-,
11,Nashik Blood Bank and Transfusion Research Centre,Charitable/Vol,2026-10-09 09:25:36,Blood Bank,Phone: 9922901047; Email: nashikbloodbank18@gmail.com,Plasma,Oh+,
11,Nashik Blood Bank and Transfusion Research Centre,Charitable/Vol,2026-10-09 09:25:36,Blood Bank,Phone: 9922901047; Email: nashikbloodbank18@gmail.com,Packed Red Blood Cells,A-,
11,Nashik Blood Bank and Transfusion Research Centre,Charitable/Vol,2026-10-09 09:25:36,Blood Bank,Phone: 9922901047; Email: nashikbloodbank18@gmail.com,Packed Red Blood Cells,A+,11.0
11,Nashik Blood Bank and Transfusion Research Centre,Charitable/Vol,2026-10-09 09:25:36,Blood Bank,Phone: 9922901047; Email: nashikbloodbank18@gmail.com,Packed Red Blood Cells,B-,
11,Nashik Blood Bank and Transfusion Research Centre,Charitable/Vol,2026-10-09 09:25:36,Blood Bank,Phone: 9922901047; Email: nashikbloodbank18@gmail.com,Packed Red Blood Cells,B+,8.0
11,Nashik Blood Bank and Transfusion Research Centre,Charitable/Vol,2026-10-09 09:25:36,Blood Bank,Phone: 9922901047; Email: nashikbloodbank18@gmail.com,Packed Red Blood Cells,AB-,
11,Nashik Blood Bank and Transfusion Research Centre,Charitable/Vol,2026-10-09 09:25:36,Blood Bank,Phone: 9922901047; Email: nashikbloodbank18@gmail.com,Packed Red Blood Cells,AB+,3.0
11,Nashik Blood Bank and Transfusion Research Centre,Charitable/Vol,2026-10-09 09:25:36,Blood Bank,Phone: 9922901047; Email: nashikbloodbank18@gmail.com,Packed Red Blood Cells,O-,
11,Nashik Blood Bank and Transfusion Research Centre,Charitable/Vol,2026-10-09 09:25:36,Blood Bank,Phone: 9922901047; Email: nashikbloodbank18@gmail.com,Packed Red Blood Cells,O+,4.0
11,Nashik Blood Bank and Transfusion Research Centre,Charitable/Vol,2026-10-09 09:25:36,Blood Bank,Phone: 9922901047; Email: nashikbloodbank18@gmail.com,Packed Red Blood Cells,Oh-,
11,Nashik Blood Bank and Transfusion Research Centre,Charitable/Vol,2026-10-09 09:25:36,Blood Bank,Phone: 9922901047; Email: nashikbloodbank18@gmail.com,Packed Red Blood Cells,Oh+,
11,Nashik Blood Bank and Transfusion Research Centre,Charitable/Vol,2026-10-09 09:25:36,Blood Bank,Phone: 9922901047; Email: nashikbloodbank18@gmail.com,Random Donor Platelets,A-,
11,Nashik Blood Bank and Transfusion Research Centre,Charitable/Vol,2026-10-09 09:25:36,Blood Bank,Phone: 9922901047; Email: nashikbloodbank18@gmail.com,Random Donor Platelets,A+,
11,Nashik Blood Bank and Transfusion Research Centre,Charitable/Vol,2026-10-09 09:25:36,Blood Bank,Phone: 9922901047; Email: nashikbloodbank18@gmail.com,Random Donor Platelets,B-,
11,Nashik Blood Bank and Transfusion Research Centre,Charitable/Vol,2026-10-09 09:25:36,Blood Bank,Phone: 9922901047; Email: nashikbloodbank18@gmail.com,Random Donor Platelets,B+,1.0
11,Nashik Blood Bank and Transfusion Research Centre,Charitable/Vol,2026-10-09 09:25:36,Blood Bank,Phone: 9922901047; Email: nashikbloodbank18@gmail.com,Random Donor Platelets,AB-,
11,Nashik Blood Bank and Transfusion Research Centre,Charitable/Vol,2026-10-09 09:25:36,Blood Bank,Phone: 9922901047; Email: nashikbloodbank18@gmail.com,Random Donor Platelets,AB+,
11,Nashik Blood Bank and Transfusion Research Centre,Charitable/Vol,2026-10-09 09:25:36,Blood Bank,Phone: 9922901047; Email: nashikbloodbank18@gmail.com,Random Donor Platelets,O-,
11,Nashik Blood Bank and Transfusion Research Centre,Charitable/Vol,2026-10-09 09:25:36,Blood Bank,Phone: 9922901047; Email: nashikbloodbank18@gmail.com,Random Donor Platelets,O+,
11,Nashik Blood Bank and Transfusion Research Centre,Charitable/Vol,2026-10-09 09:25:36,Blood Bank,Phone: 9922901047; Email: nashikbloodbank18@gmail.com,Random Donor Platelets,Oh-,
11,Nashik Blood Bank and Transfusion Research Centre,Charitable/Vol,2026-10-09 09:25:36,Blood Bank,Phone: 9922901047; Email: nashikbloodbank18@gmail.com,Random Donor Platelets,Oh+,
11,Nashik Blood Bank and Transfusion Research Centre,Charitable/Vol,2026-10-09 09:25:36,Blood Bank,Phone: 9922901047; Email: nashikbloodbank18@gmail.com,Fresh Frozen Plasma,A-,4.0
11,Nashik Blood Bank and Transfusion Research Centre,Charitable/Vol,2026-10-09 09:25:36,Blood Bank,Phone: 9922901047; Email: nashikbloodbank18@gmail.com,Fresh Frozen Plasma,A+,58.0
11,Nashik Blood Bank and Transfusion Research Centre,Charitable/Vol,2026-10-09 09:25:36,Blood Bank,Phone: 9922901047; Email: nashikbloodbank18@gmail.com,Fresh Frozen Plasma,B-,6.0
11,Nashik Blood Bank and Transfusion Research Centre,Charitable/Vol,2026-10-09 09:25:36,Blood Bank,Phone: 9922901047; Email: nashikbloodbank18@gmail.com,Fresh Frozen Plasma,B+,48.0
11,Nashik Blood Bank and Transfusion Research Centre,Charitable/Vol,2026-10-09 09:25:36,Blood Bank,Phone: 9922901047; Email: nashikbloodbank18@gmail.com,Fresh Frozen Plasma,AB-,1.0
11,Nashik Blood Bank and Transfusion Research Centre,Charitable/Vol,2026-10-09 09:25:36,Blood Bank,Phone: 9922901047; Email: nashikbloodbank18@gmail.com,Fresh Frozen Plasma,AB+,30.0
11,Nashik Blood Bank and Transfusion Research Centre,Charitable/Vol,2026-10-09 09:25:36,Blood Bank,Phone: 9922901047; Email: nashikbloodbank18@gmail.com,Fresh Frozen Plasma,O-,7.0
11,Nashik Blood Bank and Transfusion Research Centre,Charitable/Vol,2026-10-09 09:25:36,Blood Bank,Phone: 9922901047; Email: nashikbloodbank18@gmail.com,Fresh Frozen Plasma,O+,58.0
11,Nashik Blood Bank and Transfusion Research Centre,Charitable/Vol,2026-10-09 09:25:36,Blood Bank,Phone: 9922901047; Email: nashikbloodbank18@gmail.com,Fresh Frozen Plasma,Oh-,
11,Nashik Blood Bank and Transfusion Research Centre,Charitable/Vol,2026-10-09 09:25:36,Blood Bank,Phone: 9922901047; Email: nashikbloodbank18@gmail.com,Fresh Frozen Plasma,Oh+,
11,Nashik Blood Bank and Transfusion Research Centre,Charitable/Vol,2026-10-09 09:25:36,Blood Bank,Phone: 9922901047; Email: nashikbloodbank18@gmail.com,Cryoprecipitate,A-,
11,Nashik Blood Bank and Transfusion Research Centre,Charitable/Vol,2026-10-09 09:25:36,Blood Bank,Phone: 9922901047; Email: nashikbloodbank18@gmail.com,Cryoprecipitate,A+,7.0
11,Nashik Blood Bank and Transfusion Research Centre,Charitable/Vol,2026-10-09 09:25:36,Blood Bank,Phone: 9922901047; Email: nashikbloodbank18@gmail.com,Cryoprecipitate,B-,
11,Nashik Blood Bank and Transfusion Research Centre,Charitable/Vol,2026-10-09 09:25:36,Blood Bank,Phone: 9922901047; Email: nashikbloodbank18@gmail.com,Cryoprecipitate,B+,
11,Nashik Blood Bank and Transfusion Research Centre,Charitable/Vol,2026-10-09 09:25:36,Blood Bank,Phone: 9922901047; Email: nashikbloodbank18@gmail.com,Cryoprecipitate,AB-,
11,Nashik Blood Bank and Transfusion Research Centre,Charitable/Vol,2026-10-09 09:25:36,Blood Bank,Phone: 9922901047; Email: nashikbloodbank18@gmail.com,Cryoprecipitate,AB+,
11,Nashik Blood Bank and Transfusion Research Centre,Charitable/Vol,2026-10-09 09:25:36,Blood Bank,Phone: 9922901047; Email: nashikbloodbank18@gmail.com,Cryoprecipitate,O-,2.0
11,Nashik Blood Bank and Transfusion Research Centre,Charitable/Vol,2026-10-09 09:25:36,Blood Bank,Phone: 9922901047; Email: nashikbloodbank18@gmail.com,Cryoprecipitate,O+,1.0
11,Nashik Blood Bank and Transfusion Research Centre,Charitable/Vol,2026-10-09 09:25:36,Blood Bank,Phone: 9922901047; Email: nashikbloodbank18@gmail.com,Cryoprecipitate,Oh-,
11,Nashik Blood Bank and Transfusion Research Centre,Charitable/Vol,2026-10-09 09:25:36,Blood Bank,Phone: 9922901047; Email: nashikbloodbank18@gmail.com,Cryoprecipitate,Oh+,
12,"SMBT Institute of Medical Science and Research, Nashik",Charitable/Vol,2026-10-09 09:20:18,Blood Bank,Phone: 9130052949; Email: cnetare@gmail.com,Packed Red Blood Cells,A-,1.0
12,"SMBT Institute of Medical Science and Research, Nashik",Charitable/Vol,2026-10-09 09:20:18,Blood Bank,Phone: 9130052949; Email: cnetare@gmail.com,Packed Red Blood Cells,A+,27.0
12,"SMBT Institute of Medical Science and Research, Nashik",Charitable/Vol,2026-10-09 09:20:18,Blood Bank,Phone: 9130052949; Email: cnetare@gmail.com,Packed Red Blood Cells,B-,13.0
12,"SMBT Institute of Medical Science and Research, Nashik",Charitable/Vol,2026-10-09 09:20:18,Blood Bank,Phone: 9130052949; Email: cnetare@gmail.com,Packed Red Blood Cells,B+,23.0
12,"SMBT Institute of Medical Science and Research, Nashik",Charitable/Vol,2026-10-09 09:20:18,Blood Bank,Phone: 9130052949; Email: cnetare@gmail.com,Packed Red Blood Cells,AB-,1.0
12,"SMBT Institute of Medical Science and Research, Nashik",Charitable/Vol,2026-10-09 09:20:18,Blood Bank,Phone: 9130052949; Email: cnetare@gmail.com,Packed Red Blood Cells,AB+,8.0
12,"SMBT Institute of Medical Science and Research, Nashik",Charitable/Vol,2026-10-09 09:20:18,Blood Bank,Phone: 9130052949; Email: cnetare@gmail.com,Packed Red Blood Cells,O-,5.0
12,"SMBT Institute of Medical Science and Research, Nashik",Charitable/Vol,2026-10-09 09:20:18,Blood Bank,Phone: 9130052949; Email: cnetare@gmail.com,Packed Red Blood Cells,O+,91.0
12,"SMBT Institute of Medical Science and Research, Nashik",Charitable/Vol,2026-10-09 09:20:18,Blood Bank,Phone: 9130052949; Email: cnetare@gmail.com,Packed Red Blood Cells,Oh-,
12,"SMBT Institute of Medical Science and Research, Nashik",Charitable/Vol,2026-10-09 09:20:18,Blood Bank,Phone: 9130052949; Email: cnetare@gmail.com,Packed Red Blood Cells,Oh+,
12,"SMBT Institute of Medical Science and Research, Nashik",Charitable/Vol,2026-10-09 09:20:18,Blood Bank,Phone: 9130052949; Email: cnetare@gmail.com,Random Donor Platelets,A-,1.0
12,"SMBT Institute of Medical Science and Research, Nashik",Charitable/Vol,2026-10-09 09:20:18,Blood Bank,Phone: 9130052949; Email: cnetare@gmail.com,Random Donor Platelets,A+,5.0
12,"SMBT Institute of Medical Science and Research, Nashik",Charitable/Vol,2026-10-09 09:20:18,Blood Bank,Phone: 9130052949; Email: cnetare@gmail.com,Random Donor Platelets,B-,1.0
12,"SMBT Institute of Medical Science and Research, Nashik",Charitable/Vol,2026-10-09 09:20:18,Blood Bank,Phone: 9130052949; Email: cnetare@gmail.com,Random Donor Platelets,B+,12.0
12,"SMBT Institute of Medical Science and Research, Nashik",Charitable/Vol,2026-10-09 09:20:18,Blood Bank,Phone: 9130052949; Email: cnetare@gmail.com,Random Donor Platelets,AB-,1.0
12,"SMBT Institute of Medical Science and Research, Nashik",Charitable/Vol,2026-10-09 09:20:18,Blood Bank,Phone: 9130052949; Email: cnetare@gmail.com,Random Donor Platelets,AB+,1.0
12,"SMBT Institute of Medical Science and Research, Nashik",Charitable/Vol,2026-10-09 09:20:18,Blood Bank,Phone: 9130052949; Email: cnetare@gmail.com,Random Donor Platelets,O-,
12,"SMBT Institute of Medical Science and Research, Nashik",Charitable/Vol,2026-10-09 09:20:18,Blood Bank,Phone: 9130052949; Email: cnetare@gmail.com,Random Donor Platelets,O+,5.0
12,"SMBT Institute of Medical Science and Research, Nashik",Charitable/Vol,2026-10-09 09:20:18,Blood Bank,Phone: 9130052949; Email: cnetare@gmail.com,Random Donor Platelets,Oh-,
12,"SMBT Institute of Medical Science and Research, Nashik",Charitable/Vol,2026-10-09 09:20:18,Blood Bank,Phone: 9130052949; Email: cnetare@gmail.com,Random Donor Platelets,Oh+,
12,"SMBT Institute of Medical Science and Research, Nashik",Charitable/Vol,2026-10-09 09:20:18,Blood Bank,Phone: 9130052949; Email: cnetare@gmail.com,Fresh Frozen Plasma,A-,9.0
12,"SMBT Institute of Medical Science and Research, Nashik",Charitable/Vol,2026-10-09 09:20:18,Blood Bank,Phone: 9130052949; Email: cnetare@gmail.com,Fresh Frozen Plasma,A+,106.0
12,"SMBT Institute of Medical Science and Research, Nashik",Charitable/Vol,2026-10-09 09:20:18,Blood Bank,Phone: 9130052949; Email: cnetare@gmail.com,Fresh Frozen Plasma,B-,22.0
12,"SMBT Institute of Medical Science and Research, Nashik",Charitable/Vol,2026-10-09 09:20:18,Blood Bank,Phone: 9130052949; Email: cnetare@gmail.com,Fresh Frozen Plasma,B+,133.0
12,"SMBT Institute of Medical Science and Research, Nashik",Charitable/Vol,2026-10-09 09:20:18,Blood Bank,Phone: 9130052949; Email: cnetare@gmail.com,Fresh Frozen Plasma,AB-,4.0
12,"SMBT Institute of Medical Science and Research, Nashik",Charitable/Vol,2026-10-09 09:20:18,Blood Bank,Phone: 9130052949; Email: cnetare@gmail.com,Fresh Frozen Plasma,AB+,26.0
12,"SMBT Institute of Medical Science and Research, Nashik",Charitable/Vol,2026-10-09 09:20:18,Blood Bank,Phone: 9130052949; Email: cnetare@gmail.com,Fresh Frozen Plasma,O-,9.0
12,"SMBT Institute of Medical Science and Research, Nashik",Charitable/Vol,2026-10-09 09:20:18,Blood Bank,Phone: 9130052949; Email: cnetare@gmail.com,Fresh Frozen Plasma,O+,109.0
12,"SMBT Institute of Medical Science and Research, Nashik",Charitable/Vol,2026-10-09 09:20:18,Blood Bank,Phone: 9130052949; Email: cnetare@gmail.com,Fresh Frozen Plasma,Oh-,
12,"SMBT Institute of Medical Science and Research, Nashik",Charitable/Vol,2026-10-09 09:20:18,Blood Bank,Phone: 9130052949; Email: cnetare@gmail.com,Fresh Frozen Plasma,Oh+,
12,"SMBT Institute of Medical Science and Research, Nashik",Charitable/Vol,2026-10-09 09:20:18,Blood Bank,Phone: 9130052949; Email: cnetare@gmail.com,Cryoprecipitate,A-,
12,"SMBT Institute of Medical Science and Research, Nashik",Charitable/Vol,2026-10-09 09:20:18,Blood Bank,Phone: 9130052949; Email: cnetare@gmail.com,Cryoprecipitate,A+,3.0
12,"SMBT Institute of Medical Science and Research, Nashik",Charitable/Vol,2026-10-09 09:20:18,Blood Bank,Phone: 9130052949; Email: cnetare@gmail.com,Cryoprecipitate,B-,
12,"SMBT Institute of Medical Science and Research, Nashik",Charitable/Vol,2026-10-09 09:20:18,Blood Bank,Phone: 9130052949; Email: cnetare@gmail.com,Cryoprecipitate,B+,9.0
12,"SMBT Institute of Medical Science and Research, Nashik",Charitable/Vol,2026-10-09 09:20:18,Blood Bank,Phone: 9130052949; Email: cnetare@gmail.com,Cryoprecipitate,AB-,
12,"SMBT Institute of Medical Science and Research, Nashik",Charitable/Vol,2026-10-09 09:20:18,Blood Bank,Phone: 9130052949; Email: cnetare@gmail.com,Cryoprecipitate,AB+,5.0
12,"SMBT Institute of Medical Science and Research, Nashik",Charitable/Vol,2026-10-09 09:20:18,Blood Bank,Phone: 9130052949; Email: cnetare@gmail.com,Cryoprecipitate,O-,1.0
12,"SMBT Institute of Medical Science and Research, Nashik",Charitable/Vol,2026-10-09 09:20:18,Blood Bank,Phone: 9130052949; Email: cnetare@gmail.com,Cryoprecipitate,O+,5.0
12,"SMBT Institute of Medical Science and Research, Nashik",Charitable/Vol,2026-10-09 09:20:18,Blood Bank,Phone: 9130052949; Email: cnetare@gmail.com,Cryoprecipitate,Oh-,
12,"SMBT Institute of Medical Science and Research, Nashik",Charitable/Vol,2026-10-09 09:20:18,Blood Bank,Phone: 9130052949; Email: cnetare@gmail.com,Cryoprecipitate,Oh+,
12,"SMBT Institute of Medical Science and Research, Nashik",Charitable/Vol,2026-10-09 09:20:18,Blood Bank,Phone: 9130052949; Email: cnetare@gmail.com,Cryo Poor Plasma,A-,
12,"SMBT Institute of Medical Science and Research, Nashik",Charitable/Vol,2026-10-09 09:20:18,Blood Bank,Phone: 9130052949; Email: cnetare@gmail.com,Cryo Poor Plasma,A+,13.0
12,"SMBT Institute of Medical Science and Research, Nashik",Charitable/Vol,2026-10-09 09:20:18,Blood Bank,Phone: 9130052949; Email: cnetare@gmail.com,Cryo Poor Plasma,B-,1.0
12,"SMBT Institute of Medical Science and Research, Nashik",Charitable/Vol,2026-10-09 09:20:18,Blood Bank,Phone: 9130052949; Email: cnetare@gmail.com,Cryo Poor Plasma,B+,13.0
12,"SMBT Institute of Medical Science and Research, Nashik",Charitable/Vol,2026-10-09 09:20:18,Blood Bank,Phone: 9130052949; Email: cnetare@gmail.com,Cryo Poor Plasma,AB-,
12,"SMBT Institute of Medical Science and Research, Nashik",Charitable/Vol,2026-10-09 09:20:18,Blood Bank,Phone: 9130052949; Email: cnetare@gmail.com,Cryo Poor Plasma,AB+,7.0
12,"SMBT Institute of Medical Science and Research, Nashik",Charitable/Vol,2026-10-09 09:20:18,Blood Bank,Phone: 9130052949; Email: cnetare@gmail.com,Cryo Poor Plasma,O-,
12,"SMBT Institute of Medical Science and Research, Nashik",Charitable/Vol,2026-10-09 09:20:18,Blood Bank,Phone: 9130052949; Email: cnetare@gmail.com,Cryo Poor Plasma,O+,12.0
12,"SMBT Institute of Medical Science and Research, Nashik",Charitable/Vol,2026-10-09 09:20:18,Blood Bank,Phone: 9130052949; Email: cnetare@gmail.com,Cryo Poor Plasma,Oh-,
12,"SMBT Institute of Medical Science and Research, Nashik",Charitable/Vol,2026-10-09 09:20:18,Blood Bank,Phone: 9130052949; Email: cnetare@gmail.com,Cryo Poor Plasma,Oh+,
13,"Hindu Hrudaysamrat Balasaheb Thackeray Blood Centre, Deolali",Govt.,2026-10-09 09:11:19,Blood Bank,Phone: 9823025292; Email: HHTBLOODCENTRE@GMAIL.COM,Packed Red Blood Cells,A-,
13,"Hindu Hrudaysamrat Balasaheb Thackeray Blood Centre, Deolali",Govt.,2026-10-09 09:11:19,Blood Bank,Phone: 9823025292; Email: HHTBLOODCENTRE@GMAIL.COM,Packed Red Blood Cells,A+,3.0
13,"Hindu Hrudaysamrat Balasaheb Thackeray Blood Centre, Deolali",Govt.,2026-10-09 09:11:19,Blood Bank,Phone: 9823025292; Email: HHTBLOODCENTRE@GMAIL.COM,Packed Red Blood Cells,B-,1.0
13,"Hindu Hrudaysamrat Balasaheb Thackeray Blood Centre, Deolali",Govt.,2026-10-09 09:11:19,Blood Bank,Phone: 9823025292; Email: HHTBLOODCENTRE@GMAIL.COM,Packed Red Blood Cells,B+,4.0
13,"Hindu Hrudaysamrat Balasaheb Thackeray Blood Centre, Deolali",Govt.,2026-10-09 09:11:19,Blood Bank,Phone: 9823025292; Email: HHTBLOODCENTRE@GMAIL.COM,Packed Red Blood Cells,AB-,
13,"Hindu Hrudaysamrat Balasaheb Thackeray Blood Centre, Deolali",Govt.,2026-10-09 09:11:19,Blood Bank,Phone: 9823025292; Email: HHTBLOODCENTRE@GMAIL.COM,Packed Red Blood Cells,AB+,1.0
13,"Hindu Hrudaysamrat Balasaheb Thackeray Blood Centre, Deolali",Govt.,2026-10-09 09:11:19,Blood Bank,Phone: 9823025292; Email: HHTBLOODCENTRE@GMAIL.COM,Packed Red Blood Cells,O-,
13,"Hindu Hrudaysamrat Balasaheb Thackeray Blood Centre, Deolali",Govt.,2026-10-09 09:11:19,Blood Bank,Phone: 9823025292; Email: HHTBLOODCENTRE@GMAIL.COM,Packed Red Blood Cells,O+,11.0
13,"Hindu Hrudaysamrat Balasaheb Thackeray Blood Centre, Deolali",Govt.,2026-10-09 09:11:19,Blood Bank,Phone: 9823025292; Email: HHTBLOODCENTRE@GMAIL.COM,Packed Red Blood Cells,Oh-,
13,"Hindu Hrudaysamrat Balasaheb Thackeray Blood Centre, Deolali",Govt.,2026-10-09 09:11:19,Blood Bank,Phone: 9823025292; Email: HHTBLOODCENTRE@GMAIL.COM,Packed Red Blood Cells,Oh+,
13,"Hindu Hrudaysamrat Balasaheb Thackeray Blood Centre, Deolali",Govt.,2026-10-09 09:11:19,Blood Bank,Phone: 9823025292; Email: HHTBLOODCENTRE@GMAIL.COM,Fresh Frozen Plasma,A-,1.0
13,"Hindu Hrudaysamrat Balasaheb Thackeray Blood Centre, Deolali",Govt.,2026-10-09 09:11:19,Blood Bank,Phone: 9823025292; Email: HHTBLOODCENTRE@GMAIL.COM,Fresh Frozen Plasma,A+,61.0
13,"Hindu Hrudaysamrat Balasaheb Thackeray Blood Centre, Deolali",Govt.,2026-10-09 09:11:19,Blood Bank,Phone: 9823025292; Email: HHTBLOODCENTRE@GMAIL.COM,Fresh Frozen Plasma,B-,4.0
13,"Hindu Hrudaysamrat Balasaheb Thackeray Blood Centre, Deolali",Govt.,2026-10-09 09:11:19,Blood Bank,Phone: 9823025292; Email: HHTBLOODCENTRE@GMAIL.COM,Fresh Frozen Plasma,B+,74.0
13,"Hindu Hrudaysamrat Balasaheb Thackeray Blood Centre, Deolali",Govt.,2026-10-09 09:11:19,Blood Bank,Phone: 9823025292; Email: HHTBLOODCENTRE@GMAIL.COM,Fresh Frozen Plasma,AB-,1.0
13,"Hindu Hrudaysamrat Balasaheb Thackeray Blood Centre, Deolali",Govt.,2026-10-09 09:11:19,Blood Bank,Phone: 9823025292; Email: HHTBLOODCENTRE@GMAIL.COM,Fresh Frozen Plasma,AB+,8.0
13,"Hindu Hrudaysamrat Balasaheb Thackeray Blood Centre, Deolali",Govt.,2026-10-09 09:11:19,Blood Bank,Phone: 9823025292; Email: HHTBLOODCENTRE@GMAIL.COM,Fresh Frozen Plasma,O-,4.0
13,"Hindu Hrudaysamrat Balasaheb Thackeray Blood Centre, Deolali",Govt.,2026-10-09 09:11:19,Blood Bank,Phone: 9823025292; Email: HHTBLOODCENTRE@GMAIL.COM,Fresh Frozen Plasma,O+,78.0
13,"Hindu Hrudaysamrat Balasaheb Thackeray Blood Centre, Deolali",Govt.,2026-10-09 09:11:19,Blood Bank,Phone: 9823025292; Email: HHTBLOODCENTRE@GMAIL.COM,Fresh Frozen Plasma,Oh-,
13,"Hindu Hrudaysamrat Balasaheb Thackeray Blood Centre, Deolali",Govt.,2026-10-09 09:11:19,Blood Bank,Phone: 9823025292; Email: HHTBLOODCENTRE@GMAIL.COM,Fresh Frozen Plasma,Oh+,
14,"Late Dr. G.M. Bhavsar Charitable Trust Blood Centre, Malegaon",Charitable/Vol,2026-10-09 08:22:14,Blood Bank,Phone: 9371550550; Email: dgmbhavsaryahoo.com,Packed Red Blood Cells,A-,6.0
14,"Late Dr. G.M. Bhavsar Charitable Trust Blood Centre, Malegaon",Charitable/Vol,2026-10-09 08:22:14,Blood Bank,Phone: 9371550550; Email: dgmbhavsaryahoo.com,Packed Red Blood Cells,A+,60.0
14,"Late Dr. G.M. Bhavsar Charitable Trust Blood Centre, Malegaon",Charitable/Vol,2026-10-09 08:22:14,Blood Bank,Phone: 9371550550; Email: dgmbhavsaryahoo.com,Packed Red Blood Cells,B-,3.0
14,"Late Dr. G.M. Bhavsar Charitable Trust Blood Centre, Malegaon",Charitable/Vol,2026-10-09 08:22:14,Blood Bank,Phone: 9371550550; Email: dgmbhavsaryahoo.com,Packed Red Blood Cells,B+,64.0
14,"Late Dr. G.M. Bhavsar Charitable Trust Blood Centre, Malegaon",Charitable/Vol,2026-10-09 08:22:14,Blood Bank,Phone: 9371550550; Email: dgmbhavsaryahoo.com,Packed Red Blood Cells,AB-,
14,"Late Dr. G.M. Bhavsar Charitable Trust Blood Centre, Malegaon",Charitable/Vol,2026-10-09 08:22:14,Blood Bank,Phone: 9371550550; Email: dgmbhavsaryahoo.com,Packed Red Blood Cells,AB+,16.0
14,"Late Dr. G.M. Bhavsar Charitable Trust Blood Centre, Malegaon",Charitable/Vol,2026-10-09 08:22:14,Blood Bank,Phone: 9371550550; Email: dgmbhavsaryahoo.com,Packed Red Blood Cells,O-,11.0
14,"Late Dr. G.M. Bhavsar Charitable Trust Blood Centre, Malegaon",Charitable/Vol,2026-10-09 08:22:14,Blood Bank,Phone: 9371550550; Email: dgmbhavsaryahoo.com,Packed Red Blood Cells,O+,74.0
14,"Late Dr. G.M. Bhavsar Charitable Trust Blood Centre, Malegaon",Charitable/Vol,2026-10-09 08:22:14,Blood Bank,Phone: 9371550550; Email: dgmbhavsaryahoo.com,Packed Red Blood Cells,Oh-,
14,"Late Dr. G.M. Bhavsar Charitable Trust Blood Centre, Malegaon",Charitable/Vol,2026-10-09 08:22:14,Blood Bank,Phone: 9371550550; Email: dgmbhavsaryahoo.com,Packed Red Blood Cells,Oh+,
14,"Late Dr. G.M. Bhavsar Charitable Trust Blood Centre, Malegaon",Charitable/Vol,2026-10-09 08:22:14,Blood Bank,Phone: 9371550550; Email: dgmbhavsaryahoo.com,Random Donor Platelets,A-,1.0
14,"Late Dr. G.M. Bhavsar Charitable Trust Blood Centre, Malegaon",Charitable/Vol,2026-10-09 08:22:14,Blood Bank,Phone: 9371550550; Email: dgmbhavsaryahoo.com,Random Donor Platelets,A+,6.0
14,"Late Dr. G.M. Bhavsar Charitable Trust Blood Centre, Malegaon",Charitable/Vol,2026-10-09 08:22:14,Blood Bank,Phone: 9371550550; Email: dgmbhavsaryahoo.com,Random Donor Platelets,B-,
14,"Late Dr. G.M. Bhavsar Charitable Trust Blood Centre, Malegaon",Charitable/Vol,2026-10-09 08:22:14,Blood Bank,Phone: 9371550550; Email: dgmbhavsaryahoo.com,Random Donor Platelets,B+,8.0
14,"Late Dr. G.M. Bhavsar Charitable Trust Blood Centre, Malegaon",Charitable/Vol,2026-10-09 08:22:14,Blood Bank,Phone: 9371550550; Email: dgmbhavsaryahoo.com,Random Donor Platelets,AB-,
14,"Late Dr. G.M. Bhavsar Charitable Trust Blood Centre, Malegaon",Charitable/Vol,2026-10-09 08:22:14,Blood Bank,Phone: 9371550550; Email: dgmbhavsaryahoo.com,Random Donor Platelets,AB+,1.0
14,"Late Dr. G.M. Bhavsar Charitable Trust Blood Centre, Malegaon",Charitable/Vol,2026-10-09 08:22:14,Blood Bank,Phone: 9371550550; Email: dgmbhavsaryahoo.com,Random Donor Platelets,O-,1.0
14,"Late Dr. G.M. Bhavsar Charitable Trust Blood Centre, Malegaon",Charitable/Vol,2026-10-09 08:22:14,Blood Bank,Phone: 9371550550; Email: dgmbhavsaryahoo.com,Random Donor Platelets,O+,4.0
14,"Late Dr. G.M. Bhavsar Charitable Trust Blood Centre, Malegaon",Charitable/Vol,2026-10-09 08:22:14,Blood Bank,Phone: 9371550550; Email: dgmbhavsaryahoo.com,Random Donor Platelets,Oh-,
14,"Late Dr. G.M. Bhavsar Charitable Trust Blood Centre, Malegaon",Charitable/Vol,2026-10-09 08:22:14,Blood Bank,Phone: 9371550550; Email: dgmbhavsaryahoo.com,Random Donor Platelets,Oh+,
14,"Late Dr. G.M. Bhavsar Charitable Trust Blood Centre, Malegaon",Charitable/Vol,2026-10-09 08:22:14,Blood Bank,Phone: 9371550550; Email: dgmbhavsaryahoo.com,Fresh Frozen Plasma,A-,13.0
14,"Late Dr. G.M. Bhavsar Charitable Trust Blood Centre, Malegaon",Charitable/Vol,2026-10-09 08:22:14,Blood Bank,Phone: 9371550550; Email: dgmbhavsaryahoo.com,Fresh Frozen Plasma,A+,101.0
14,"Late Dr. G.M. Bhavsar Charitable Trust Blood Centre, Malegaon",Charitable/Vol,2026-10-09 08:22:14,Blood Bank,Phone: 9371550550; Email: dgmbhavsaryahoo.com,Fresh Frozen Plasma,B-,4.0
14,"Late Dr. G.M. Bhavsar Charitable Trust Blood Centre, Malegaon",Charitable/Vol,2026-10-09 08:22:14,Blood Bank,Phone: 9371550550; Email: dgmbhavsaryahoo.com,Fresh Frozen Plasma,B+,107.0
14,"Late Dr. G.M. Bhavsar Charitable Trust Blood Centre, Malegaon",Charitable/Vol,2026-10-09 08:22:14,Blood Bank,Phone: 9371550550; Email: dgmbhavsaryahoo.com,Fresh Frozen Plasma,AB-,3.0
14,"Late Dr. G.M. Bhavsar Charitable Trust Blood Centre, Malegaon",Charitable/Vol,2026-10-09 08:22:14,Blood Bank,Phone: 9371550550; Email: dgmbhavsaryahoo.com,Fresh Frozen Plasma,AB+,44.0
14,"Late Dr. G.M. Bhavsar Charitable Trust Blood Centre, Malegaon",Charitable/Vol,2026-10-09 08:22:14,Blood Bank,Phone: 9371550550; Email: dgmbhavsaryahoo.com,Fresh Frozen Plasma,O-,20.0
14,"Late Dr. G.M. Bhavsar Charitable Trust Blood Centre, Malegaon",Charitable/Vol,2026-10-09 08:22:14,Blood Bank,Phone: 9371550550; Email: dgmbhavsaryahoo.com,Fresh Frozen Plasma,O+,97.0
14,"Late Dr. G.M. Bhavsar Charitable Trust Blood Centre, Malegaon",Charitable/Vol,2026-10-09 08:22:14,Blood Bank,Phone: 9371550550; Email: dgmbhavsaryahoo.com,Fresh Frozen Plasma,Oh-,
14,"Late Dr. G.M. Bhavsar Charitable Trust Blood Centre, Malegaon",Charitable/Vol,2026-10-09 08:22:14,Blood Bank,Phone: 9371550550; Email: dgmbhavsaryahoo.com,Fresh Frozen Plasma,Oh+,
14,"Late Dr. G.M. Bhavsar Charitable Trust Blood Centre, Malegaon",Charitable/Vol,2026-10-09 08:22:14,Blood Bank,Phone: 9371550550; Email: dgmbhavsaryahoo.com,Cryoprecipitate,A-,6.0
14,"Late Dr. G.M. Bhavsar Charitable Trust Blood Centre, Malegaon",Charitable/Vol,2026-10-09 08:22:14,Blood Bank,Phone: 9371550550; Email: dgmbhavsaryahoo.com,Cryoprecipitate,A+,40.0
14,"Late Dr. G.M. Bhavsar Charitable Trust Blood Centre, Malegaon",Charitable/Vol,2026-10-09 08:22:14,Blood Bank,Phone: 9371550550; Email: dgmbhavsaryahoo.com,Cryoprecipitate,B-,1.0
14,"Late Dr. G.M. Bhavsar Charitable Trust Blood Centre, Malegaon",Charitable/Vol,2026-10-09 08:22:14,Blood Bank,Phone: 9371550550; Email: dgmbhavsaryahoo.com,Cryoprecipitate,B+,49.0
14,"Late Dr. G.M. Bhavsar Charitable Trust Blood Centre, Malegaon",Charitable/Vol,2026-10-09 08:22:14,Blood Bank,Phone: 9371550550; Email: dgmbhavsaryahoo.com,Cryoprecipitate,AB-,1.0
14,"Late Dr. G.M. Bhavsar Charitable Trust Blood Centre, Malegaon",Charitable/Vol,2026-10-09 08:22:14,Blood Bank,Phone: 9371550550; Email: dgmbhavsaryahoo.com,Cryoprecipitate,AB+,26.0
14,"Late Dr. G.M. Bhavsar Charitable Trust Blood Centre, Malegaon",Charitable/Vol,2026-10-09 08:22:14,Blood Bank,Phone: 9371550550; Email: dgmbhavsaryahoo.com,Cryoprecipitate,O-,8.0
14,"Late Dr. G.M. Bhavsar Charitable Trust Blood Centre, Malegaon",Charitable/Vol,2026-10-09 08:22:14,Blood Bank,Phone: 9371550550; Email: dgmbhavsaryahoo.com,Cryoprecipitate,O+,98.0
14,"Late Dr. G.M. Bhavsar Charitable Trust Blood Centre, Malegaon",Charitable/Vol,2026-10-09 08:22:14,Blood Bank,Phone: 9371550550; Email: dgmbhavsaryahoo.com,Cryoprecipitate,Oh-,
14,"Late Dr. G.M. Bhavsar Charitable Trust Blood Centre, Malegaon",Charitable/Vol,2026-10-09 08:22:14,Blood Bank,Phone: 9371550550; Email: dgmbhavsaryahoo.com,Cryoprecipitate,Oh+,
15,"Seva Blood Centre, Malegaon",Charitable/Vol,2026-10-09 00:30:07,Blood Bank,Phone: 8390615555; Email: sevabldbankmalegaon@gmail.com,Packed Red Blood Cells,A-,
15,"Seva Blood Centre, Malegaon",Charitable/Vol,2026-10-09 00:30:07,Blood Bank,Phone: 8390615555; Email: sevabldbankmalegaon@gmail.com,Packed Red Blood Cells,A+,96.0
15,"Seva Blood Centre, Malegaon",Charitable/Vol,2026-10-09 00:30:07,Blood Bank,Phone: 8390615555; Email: sevabldbankmalegaon@gmail.com,Packed Red Blood Cells,B-,1.0
15,"Seva Blood Centre, Malegaon",Charitable/Vol,2026-10-09 00:30:07,Blood Bank,Phone: 8390615555; Email: sevabldbankmalegaon@gmail.com,Packed Red Blood Cells,B+,75.0
15,"Seva Blood Centre, Malegaon",Charitable/Vol,2026-10-09 00:30:07,Blood Bank,Phone: 8390615555; Email: sevabldbankmalegaon@gmail.com,Packed Red Blood Cells,AB-,
15,"Seva Blood Centre, Malegaon",Charitable/Vol,2026-10-09 00:30:07,Blood Bank,Phone: 8390615555; Email: sevabldbankmalegaon@gmail.com,Packed Red Blood Cells,AB+,21.0
15,"Seva Blood Centre, Malegaon",Charitable/Vol,2026-10-09 00:30:07,Blood Bank,Phone: 8390615555; Email: sevabldbankmalegaon@gmail.com,Packed Red Blood Cells,O-,
15,"Seva Blood Centre, Malegaon",Charitable/Vol,2026-10-09 00:30:07,Blood Bank,Phone: 8390615555; Email: sevabldbankmalegaon@gmail.com,Packed Red Blood Cells,O+,117.0
15,"Seva Blood Centre, Malegaon",Charitable/Vol,2026-10-09 00:30:07,Blood Bank,Phone: 8390615555; Email: sevabldbankmalegaon@gmail.com,Packed Red Blood Cells,Oh-,
15,"Seva Blood Centre, Malegaon",Charitable/Vol,2026-10-09 00:30:07,Blood Bank,Phone: 8390615555; Email: sevabldbankmalegaon@gmail.com,Packed Red Blood Cells,Oh+,
16,"NDMVPS Medical College and Hospital Blood Bank, Nashik",Charitable/Vol,2026-10-09 00:11:25,Blood Bank,Phone: 9922173694; Email: archu12241@gmail.com,Single Donor Platelet,A-,
16,"NDMVPS Medical College and Hospital Blood Bank, Nashik",Charitable/Vol,2026-10-09 00:11:25,Blood Bank,Phone: 9922173694; Email: archu12241@gmail.com,Single Donor Platelet,A+,
16,"NDMVPS Medical College and Hospital Blood Bank, Nashik",Charitable/Vol,2026-10-09 00:11:25,Blood Bank,Phone: 9922173694; Email: archu12241@gmail.com,Single Donor Platelet,B-,
16,"NDMVPS Medical College and Hospital Blood Bank, Nashik",Charitable/Vol,2026-10-09 00:11:25,Blood Bank,Phone: 9922173694; Email: archu12241@gmail.com,Single Donor Platelet,B+,2.0
16,"NDMVPS Medical College and Hospital Blood Bank, Nashik",Charitable/Vol,2026-10-09 00:11:25,Blood Bank,Phone: 9922173694; Email: archu12241@gmail.com,Single Donor Platelet,AB-,
16,"NDMVPS Medical College and Hospital Blood Bank, Nashik",Charitable/Vol,2026-10-09 00:11:25,Blood Bank,Phone: 9922173694; Email: archu12241@gmail.com,Single Donor Platelet,AB+,
16,"NDMVPS Medical College and Hospital Blood Bank, Nashik",Charitable/Vol,2026-10-09 00:11:25,Blood Bank,Phone: 9922173694; Email: archu12241@gmail.com,Single Donor Platelet,O-,
16,"NDMVPS Medical College and Hospital Blood Bank, Nashik",Charitable/Vol,2026-10-09 00:11:25,Blood Bank,Phone: 9922173694; Email: archu12241@gmail.com,Single Donor Platelet,O+,1.0
16,"NDMVPS Medical College and Hospital Blood Bank, Nashik",Charitable/Vol,2026-10-09 00:11:25,Blood Bank,Phone: 9922173694; Email: archu12241@gmail.com,Single Donor Platelet,Oh-,
16,"NDMVPS Medical College and Hospital Blood Bank, Nashik",Charitable/Vol,2026-10-09 00:11:25,Blood Bank,Phone: 9922173694; Email: archu12241@gmail.com,Single Donor Platelet,Oh+,
16,"NDMVPS Medical College and Hospital Blood Bank, Nashik",Charitable/Vol,2026-10-09 00:11:25,Blood Bank,Phone: 9922173694; Email: archu12241@gmail.com,Packed Red Blood Cells,A-,2.0
16,"NDMVPS Medical College and Hospital Blood Bank, Nashik",Charitable/Vol,2026-10-09 00:11:25,Blood Bank,Phone: 9922173694; Email: archu12241@gmail.com,Packed Red Blood Cells,A+,30.0
16,"NDMVPS Medical College and Hospital Blood Bank, Nashik",Charitable/Vol,2026-10-09 00:11:25,Blood Bank,Phone: 9922173694; Email: archu12241@gmail.com,Packed Red Blood Cells,B-,1.0
16,"NDMVPS Medical College and Hospital Blood Bank, Nashik",Charitable/Vol,2026-10-09 00:11:25,Blood Bank,Phone: 9922173694; Email: archu12241@gmail.com,Packed Red Blood Cells,B+,65.0
16,"NDMVPS Medical College and Hospital Blood Bank, Nashik",Charitable/Vol,2026-10-09 00:11:25,Blood Bank,Phone: 9922173694; Email: archu12241@gmail.com,Packed Red Blood Cells,AB-,2.0
16,"NDMVPS Medical College and Hospital Blood Bank, Nashik",Charitable/Vol,2026-10-09 00:11:25,Blood Bank,Phone: 9922173694; Email: archu12241@gmail.com,Packed Red Blood Cells,AB+,26.0
16,"NDMVPS Medical College and Hospital Blood Bank, Nashik",Charitable/Vol,2026-10-09 00:11:25,Blood Bank,Phone: 9922173694; Email: archu12241@gmail.com,Packed Red Blood Cells,O-,6.0
16,"NDMVPS Medical College and Hospital Blood Bank, Nashik",Charitable/Vol,2026-10-09 00:11:25,Blood Bank,Phone: 9922173694; Email: archu12241@gmail.com,Packed Red Blood Cells,O+,62.0
16,"NDMVPS Medical College and Hospital Blood Bank, Nashik",Charitable/Vol,2026-10-09 00:11:25,Blood Bank,Phone: 9922173694; Email: archu12241@gmail.com,Packed Red Blood Cells,Oh-,
16,"NDMVPS Medical College and Hospital Blood Bank, Nashik",Charitable/Vol,2026-10-09 00:11:25,Blood Bank,Phone: 9922173694; Email: archu12241@gmail.com,Packed Red Blood Cells,Oh+,
16,"NDMVPS Medical College and Hospital Blood Bank, Nashik",Charitable/Vol,2026-10-09 00:11:25,Blood Bank,Phone: 9922173694; Email: archu12241@gmail.com,Fresh Frozen Plasma,A-,9.0
16,"NDMVPS Medical College and Hospital Blood Bank, Nashik",Charitable/Vol,2026-10-09 00:11:25,Blood Bank,Phone: 9922173694; Email: archu12241@gmail.com,Fresh Frozen Plasma,A+,80.0
16,"NDMVPS Medical College and Hospital Blood Bank, Nashik",Charitable/Vol,2026-10-09 00:11:25,Blood Bank,Phone: 9922173694; Email: archu12241@gmail.com,Fresh Frozen Plasma,B-,16.0
16,"NDMVPS Medical College and Hospital Blood Bank, Nashik",Charitable/Vol,2026-10-09 00:11:25,Blood Bank,Phone: 9922173694; Email: archu12241@gmail.com,Fresh Frozen Plasma,B+,105.0
16,"NDMVPS Medical College and Hospital Blood Bank, Nashik",Charitable/Vol,2026-10-09 00:11:25,Blood Bank,Phone: 9922173694; Email: archu12241@gmail.com,Fresh Frozen Plasma,AB-,5.0
16,"NDMVPS Medical College and Hospital Blood Bank, Nashik",Charitable/Vol,2026-10-09 00:11:25,Blood Bank,Phone: 9922173694; Email: archu12241@gmail.com,Fresh Frozen Plasma,AB+,55.0
16,"NDMVPS Medical College and Hospital Blood Bank, Nashik",Charitable/Vol,2026-10-09 00:11:25,Blood Bank,Phone: 9922173694; Email: archu12241@gmail.com,Fresh Frozen Plasma,O-,14.0
16,"NDMVPS Medical College and Hospital Blood Bank, Nashik",Charitable/Vol,2026-10-09 00:11:25,Blood Bank,Phone: 9922173694; Email: archu12241@gmail.com,Fresh Frozen Plasma,O+,78.0
16,"NDMVPS Medical College and Hospital Blood Bank, Nashik",Charitable/Vol,2026-10-09 00:11:25,Blood Bank,Phone: 9922173694; Email: archu12241@gmail.com,Fresh Frozen Plasma,Oh-,
16,"NDMVPS Medical College and Hospital Blood Bank, Nashik",Charitable/Vol,2026-10-09 00:11:25,Blood Bank,Phone: 9922173694; Email: archu12241@gmail.com,Fresh Frozen Plasma,Oh+,
17,"Sainik Aspatal Military Hospital Blood Centre, Deolali",Govt.,2026-10-08 23:41:40,Blood Bank,Phone: 9148708222; Email: poonamyadav012@gmail.com,Whole Blood,A-,
17,"Sainik Aspatal Military Hospital Blood Centre, Deolali",Govt.,2026-10-08 23:41:40,Blood Bank,Phone: 9148708222; Email: poonamyadav012@gmail.com,Whole Blood,A+,1.0
17,"Sainik Aspatal Military Hospital Blood Centre, Deolali",Govt.,2026-10-08 23:41:40,Blood Bank,Phone: 9148708222; Email: poonamyadav012@gmail.com,Whole Blood,B-,
17,"Sainik Aspatal Military Hospital Blood Centre, Deolali",Govt.,2026-10-08 23:41:40,Blood Bank,Phone: 9148708222; Email: poonamyadav012@gmail.com,Whole Blood,B+,2.0
17,"Sainik Aspatal Military Hospital Blood Centre, Deolali",Govt.,2026-10-08 23:41:40,Blood Bank,Phone: 9148708222; Email: poonamyadav012@gmail.com,Whole Blood,AB-,
17,"Sainik Aspatal Military Hospital Blood Centre, Deolali",Govt.,2026-10-08 23:41:40,Blood Bank,Phone: 9148708222; Email: poonamyadav012@gmail.com,Whole Blood,AB+,
17,"Sainik Aspatal Military Hospital Blood Centre, Deolali",Govt.,2026-10-08 23:41:40,Blood Bank,Phone: 9148708222; Email: poonamyadav012@gmail.com,Whole Blood,O-,
17,"Sainik Aspatal Military Hospital Blood Centre, Deolali",Govt.,2026-10-08 23:41:40,Blood Bank,Phone: 9148708222; Email: poonamyadav012@gmail.com,Whole Blood,O+,1.0
17,"Sainik Aspatal Military Hospital Blood Centre, Deolali",Govt.,2026-10-08 23:41:40,Blood Bank,Phone: 9148708222; Email: poonamyadav012@gmail.com,Whole Blood,Oh-,
17,"Sainik Aspatal Military Hospital Blood Centre, Deolali",Govt.,2026-10-08 23:41:40,Blood Bank,Phone: 9148708222; Email: poonamyadav012@gmail.com,Whole Blood,Oh+,
19,"Medical Superintendent, J.D.C. Bytco Hospital, Nashik",Govt.,2026-09-17 09:16:17,Blood Bank,Phone: 9422762233; Email: hidocatu@rediffmail.com,Packed Red Blood Cells,A-,
19,"Medical Superintendent, J.D.C. Bytco Hospital, Nashik",Govt.,2026-09-17 09:16:17,Blood Bank,Phone: 9422762233; Email: hidocatu@rediffmail.com,Packed Red Blood Cells,A+,2.0
19,"Medical Superintendent, J.D.C. Bytco Hospital, Nashik",Govt.,2026-09-17 09:16:17,Blood Bank,Phone: 9422762233; Email: hidocatu@rediffmail.com,Packed Red Blood Cells,B-,
19,"Medical Superintendent, J.D.C. Bytco Hospital, Nashik",Govt.,2026-09-17 09:16:17,Blood Bank,Phone: 9422762233; Email: hidocatu@rediffmail.com,Packed Red Blood Cells,B+,1.0
19,"Medical Superintendent, J.D.C. Bytco Hospital, Nashik",Govt.,2026-09-17 09:16:17,Blood Bank,Phone: 9422762233; Email: hidocatu@rediffmail.com,Packed Red Blood Cells,AB-,1.0
19,"Medical Superintendent, J.D.C. Bytco Hospital, Nashik",Govt.,2026-09-17 09:16:17,Blood Bank,Phone: 9422762233; Email: hidocatu@rediffmail.com,Packed Red Blood Cells,AB+,2.0
19,"Medical Superintendent, J.D.C. Bytco Hospital, Nashik",Govt.,2026-09-17 09:16:17,Blood Bank,Phone: 9422762233; Email: hidocatu@rediffmail.com,Packed Red Blood Cells,O-,1.0
19,"Medical Superintendent, J.D.C. Bytco Hospital, Nashik",Govt.,2026-09-17 09:16:17,Blood Bank,Phone: 9422762233; Email: hidocatu@rediffmail.com,Packed Red Blood Cells,O+,7.0
19,"Medical Superintendent, J.D.C. Bytco Hospital, Nashik",Govt.,2026-09-17 09:16:17,Blood Bank,Phone: 9422762233; Email: hidocatu@rediffmail.com,Packed Red Blood Cells,Oh-,
19,"Medical Superintendent, J.D.C. Bytco Hospital, Nashik",Govt.,2026-09-17 09:16:17,Blood Bank,Phone: 9422762233; Email: hidocatu@rediffmail.com,Packed Red Blood Cells,Oh+,
19,"Medical Superintendent, J.D.C. Bytco Hospital, Nashik",Govt.,2026-09-17 09:16:17,Blood Bank,Phone: 9422762233; Email: hidocatu@rediffmail.com,Fresh Frozen Plasma,A-,1.0
19,"Medical Superintendent, J.D.C. Bytco Hospital, Nashik",Govt.,2026-09-17 09:16:17,Blood Bank,Phone: 9422762233; Email: hidocatu@rediffmail.com,Fresh Frozen Plasma,A+,50.0
19,"Medical Superintendent, J.D.C. Bytco Hospital, Nashik",Govt.,2026-09-17 09:16:17,Blood Bank,Phone: 9422762233; Email: hidocatu@rediffmail.com,Fresh Frozen Plasma,B-,3.0
19,"Medical Superintendent, J.D.C. Bytco Hospital, Nashik",Govt.,2026-09-17 09:16:17,Blood Bank,Phone: 9422762233; Email: hidocatu@rediffmail.com,Fresh Frozen Plasma,B+,66.0
19,"Medical Superintendent, J.D.C. Bytco Hospital, Nashik",Govt.,2026-09-17 09:16:17,Blood Bank,Phone: 9422762233; Email: hidocatu@rediffmail.com,Fresh Frozen Plasma,AB-,1.0
19,"Medical Superintendent, J.D.C. Bytco Hospital, Nashik",Govt.,2026-09-17 09:16:17,Blood Bank,Phone: 9422762233; Email: hidocatu@rediffmail.com,Fresh Frozen Plasma,AB+,7.0
19,"Medical Superintendent, J.D.C. Bytco Hospital, Nashik",Govt.,2026-09-17 09:16:17,Blood Bank,Phone: 9422762233; Email: hidocatu@rediffmail.com,Fresh Frozen Plasma,O-,4.0
19,"Medical Superintendent, J.D.C. Bytco Hospital, Nashik",Govt.,2026-09-17 09:16:17,Blood Bank,Phone: 9422762233; Email: hidocatu@rediffmail.com,Fresh Frozen Plasma,O+,64.0
19,"Medical Superintendent, J.D.C. Bytco Hospital, Nashik",Govt.,2026-09-17 09:16:17,Blood Bank,Phone: 9422762233; Email: hidocatu@rediffmail.com,Fresh Frozen Plasma,Oh-,
19,"Medical Superintendent, J.D.C. Bytco Hospital, Nashik",Govt.,2026-09-17 09:16:17,Blood Bank,Phone: 9422762233; Email: hidocatu@rediffmail.com,Fresh Frozen Plasma,Oh+,
20,"The Santajee Educational and Medical Foundation, Nashik",Charitable/Vol,2026-02-27 09:56:48,Blood Bank,Phone: 0253-2508777 / 9604496044; Email: navjeevanbloodbanknsk@gmail.com,Packed Red Blood Cells,A-,6.0
20,"The Santajee Educational and Medical Foundation, Nashik",Charitable/Vol,2026-02-27 09:56:48,Blood Bank,Phone: 0253-2508777 / 9604496044; Email: navjeevanbloodbanknsk@gmail.com,Packed Red Blood Cells,A+,62.0
20,"The Santajee Educational and Medical Foundation, Nashik",Charitable/Vol,2026-02-27 09:56:48,Blood Bank,Phone: 0253-2508777 / 9604496044; Email: navjeevanbloodbanknsk@gmail.com,Packed Red Blood Cells,B-,
20,"The Santajee Educational and Medical Foundation, Nashik",Charitable/Vol,2026-02-27 09:56:48,Blood Bank,Phone: 0253-2508777 / 9604496044; Email: navjeevanbloodbanknsk@gmail.com,Packed Red Blood Cells,B+,92.0
20,"The Santajee Educational and Medical Foundation, Nashik",Charitable/Vol,2026-02-27 09:56:48,Blood Bank,Phone: 0253-2508777 / 9604496044; Email: navjeevanbloodbanknsk@gmail.com,Packed Red Blood Cells,AB-,2.0
20,"The Santajee Educational and Medical Foundation, Nashik",Charitable/Vol,2026-02-27 09:56:48,Blood Bank,Phone: 0253-2508777 / 9604496044; Email: navjeevanbloodbanknsk@gmail.com,Packed Red Blood Cells,AB+,35.0
20,"The Santajee Educational and Medical Foundation, Nashik",Charitable/Vol,2026-02-27 09:56:48,Blood Bank,Phone: 0253-2508777 / 9604496044; Email: navjeevanbloodbanknsk@gmail.com,Packed Red Blood Cells,O-,4.0
20,"The Santajee Educational and Medical Foundation, Nashik",Charitable/Vol,2026-02-27 09:56:48,Blood Bank,Phone: 0253-2508777 / 9604496044; Email: navjeevanbloodbanknsk@gmail.com,Packed Red Blood Cells,O+,123.0
20,"The Santajee Educational and Medical Foundation, Nashik",Charitable/Vol,2026-02-27 09:56:48,Blood Bank,Phone: 0253-2508777 / 9604496044; Email: navjeevanbloodbanknsk@gmail.com,Packed Red Blood Cells,Oh-,
20,"The Santajee Educational and Medical Foundation, Nashik",Charitable/Vol,2026-02-27 09:56:48,Blood Bank,Phone: 0253-2508777 / 9604496044; Email: navjeevanbloodbanknsk@gmail.com,Packed Red Blood Cells,Oh+,
20,"The Santajee Educational and Medical Foundation, Nashik",Charitable/Vol,2026-02-27 09:56:48,Blood Bank,Phone: 0253-2508777 / 9604496044; Email: navjeevanbloodbanknsk@gmail.com,Fresh Frozen Plasma,A-,20.0
20,"The Santajee Educational and Medical Foundation, Nashik",Charitable/Vol,2026-02-27 09:56:48,Blood Bank,Phone: 0253-2508777 / 9604496044; Email: navjeevanbloodbanknsk@gmail.com,Fresh Frozen Plasma,A+,154.0
20,"The Santajee Educational and Medical Foundation, Nashik",Charitable/Vol,2026-02-27 09:56:48,Blood Bank,Phone: 0253-2508777 / 9604496044; Email: navjeevanbloodbanknsk@gmail.com,Fresh Frozen Plasma,B-,12.0
20,"The Santajee Educational and Medical Foundation, Nashik",Charitable/Vol,2026-02-27 09:56:48,Blood Bank,Phone: 0253-2508777 / 9604496044; Email: navjeevanbloodbanknsk@gmail.com,Fresh Frozen Plasma,B+,236.0
20,"The Santajee Educational and Medical Foundation, Nashik",Charitable/Vol,2026-02-27 09:56:48,Blood Bank,Phone: 0253-2508777 / 9604496044; Email: navjeevanbloodbanknsk@gmail.com,Fresh Frozen Plasma,AB-,4.0
20,"The Santajee Educational and Medical Foundation, Nashik",Charitable/Vol,2026-02-27 09:56:48,Blood Bank,Phone: 0253-2508777 / 9604496044; Email: navjeevanbloodbanknsk@gmail.com,Fresh Frozen Plasma,AB+,56.0
20,"The Santajee Educational and Medical Foundation, Nashik",Charitable/Vol,2026-02-27 09:56:48,Blood Bank,Phone: 0253-2508777 / 9604496044; Email: navjeevanbloodbanknsk@gmail.com,Fresh Frozen Plasma,O-,16.0
20,"The Santajee Educational and Medical Foundation, Nashik",Charitable/Vol,2026-02-27 09:56:48,Blood Bank,Phone: 0253-2508777 / 9604496044; Email: navjeevanbloodbanknsk@gmail.com,Fresh Frozen Plasma,O+,234.0
20,"The Santajee Educational and Medical Foundation, Nashik",Charitable/Vol,2026-02-27 09:56:48,Blood Bank,Phone: 0253-2508777 / 9604496044; Email: navjeevanbloodbanknsk@gmail.com,Fresh Frozen Plasma,Oh-,
20,"The Santajee Educational and Medical Foundation, Nashik",Charitable/Vol,2026-02-27 09:56:48,Blood Bank,Phone: 0253-2508777 / 9604496044; Email: navjeevanbloodbanknsk@gmail.com,Fresh Frozen Plasma,Oh+,
